1000,getByIndex,800
1000,addEnd,10100
1000,getIndex,1431500
1000,removeEnd,17200
1000,addAtIndex,660,30800
1000,removeAtIndex,452,13000
1000,addFront,17800
1000,removeFront,18500
1000,getByIndex,800
1000,addEnd,7600
1000,getIndex,1407500
1000,removeEnd,37800
1000,addAtIndex,660,15900
1000,removeAtIndex,452,14500
1000,addFront,46200
1000,removeFront,16500
1000,getByIndex,800
1000,addEnd,8600
1000,getIndex,1506100
1000,removeEnd,36400
1000,addAtIndex,660,52900
1000,removeAtIndex,452,20300
1000,addFront,39300
1000,removeFront,25300
1000,getByIndex,900
1000,addEnd,8000
1000,getIndex,1304000
1000,removeEnd,25700
1000,addAtIndex,660,18600
1000,removeAtIndex,455,20100
1000,addFront,20900
1000,removeFront,19300
1000,getByIndex,900
1000,addEnd,8300
1000,getIndex,1470800
1000,removeEnd,19500
1000,addAtIndex,408,26800
1000,removeAtIndex,455,15100
1000,addFront,16100
1000,removeFront,20000
1000,getByIndex,800
1000,addEnd,14000
1000,getIndex,1865500
1000,removeEnd,17400
1000,addAtIndex,408,14100
1000,removeAtIndex,455,22200
1000,addFront,25200
1000,removeFront,23700
1000,getByIndex,2000
1000,addEnd,14800
1000,getIndex,1662200
1000,removeEnd,21200
1000,addAtIndex,408,18800
1000,removeAtIndex,455,22700
1000,addFront,15500
1000,removeFront,20700
1000,getByIndex,600
1000,addEnd,9900
1000,getIndex,1447100
1000,removeEnd,19200
1000,addAtIndex,408,20100
1000,removeAtIndex,455,12100
1000,addFront,46600
1000,removeFront,19900
1000,getByIndex,900
1000,addEnd,9300
1000,getIndex,1696600
1000,removeEnd,18200
1000,addAtIndex,408,30200
1000,removeAtIndex,455,14200
1000,addFront,17600
1000,removeFront,26700
1000,getByIndex,800
1000,addEnd,13100
1000,getIndex,1506300
1000,removeEnd,18900
1000,addAtIndex,408,16500
1000,removeAtIndex,455,14700
1000,addFront,34100
1000,removeFront,22300
1000,getByIndex,1000
1000,addEnd,11200
1000,getIndex,1771500
1000,removeEnd,108200
1000,addAtIndex,408,46600
1000,removeAtIndex,455,15300
1000,addFront,71200
1000,removeFront,44900
1000,getByIndex,1000
1000,addEnd,10200
1000,getIndex,1556700
1000,removeEnd,20600
1000,addAtIndex,408,27800
1000,removeAtIndex,455,16200
1000,addFront,41200
1000,removeFront,37400
1000,getByIndex,4100
1000,addEnd,28900
1000,getIndex,1530500
1000,removeEnd,20300
1000,addAtIndex,408,17700
1000,removeAtIndex,455,21400
1000,addFront,20800
1000,removeFront,20100
1000,getByIndex,1200
1000,addEnd,9600
1000,getIndex,1772900
1000,removeEnd,53800
1000,addAtIndex,408,18300
1000,removeAtIndex,455,17300
1000,addFront,19700
1000,removeFront,58600
1000,getByIndex,1100
1000,addEnd,11900
1000,getIndex,1632100
1000,removeEnd,20800
1000,addAtIndex,389,30800
1000,removeAtIndex,458,17200
1000,addFront,21200
1000,removeFront,19700
1000,getByIndex,1100
1000,addEnd,11600
1000,getIndex,6060100
1000,removeEnd,19700
1000,addAtIndex,389,20700
1000,removeAtIndex,458,16800
1000,addFront,32300
1000,removeFront,19100
1000,getByIndex,1000
1000,addEnd,10600
1000,getIndex,1844500
1000,removeEnd,28100
1000,addAtIndex,389,21800
1000,removeAtIndex,458,21100
1000,addFront,18500
1000,removeFront,22300
1000,getByIndex,1100
1000,addEnd,12200
1000,getIndex,7535700
1000,removeEnd,129900
1000,addAtIndex,389,17500
1000,removeAtIndex,458,17000
1000,addFront,34700
1000,removeFront,25000
1000,getByIndex,1200
1000,addEnd,15400
1000,getIndex,2976100
1000,removeEnd,21800
1000,addAtIndex,389,26200
1000,removeAtIndex,458,22100
1000,addFront,39600
1000,removeFront,24800
1000,getByIndex,1300
1000,addEnd,14800
1000,getIndex,2001400
1000,removeEnd,21100
1000,addAtIndex,389,16500
1000,removeAtIndex,458,85900
1000,addFront,31700
1000,removeFront,31400
1000,getByIndex,1100
1000,addEnd,25500
1000,getIndex,2221400
1000,removeEnd,26900
1000,addAtIndex,389,26300
1000,removeAtIndex,458,17600
1000,addFront,34800
1000,removeFront,22300
1000,getByIndex,1200
1000,addEnd,12400
1000,getIndex,1668100
1000,removeEnd,20400
1000,addAtIndex,389,17500
1000,removeAtIndex,458,19800
1000,addFront,24100
1000,removeFront,20200
1000,getByIndex,1300
1000,addEnd,13200
1000,getIndex,3406100
1000,removeEnd,26500
1000,addAtIndex,389,19200
1000,removeAtIndex,458,37800
1000,addFront,61000
1000,removeFront,24500
1000,getByIndex,1200
1000,addEnd,11600
1000,getIndex,1958200
1000,removeEnd,75300
1000,addAtIndex,389,41700
1000,removeAtIndex,458,17800
1000,addFront,19800
1000,removeFront,19200
1000,getByIndex,900
1000,addEnd,11300
1000,getIndex,1828000
1000,removeEnd,21500
1000,addAtIndex,389,27800
1000,removeAtIndex,458,17800
1000,addFront,31000
1000,removeFront,21500
1000,getByIndex,1100
1000,addEnd,11000
1000,getIndex,1646500
1000,removeEnd,36800
1000,addAtIndex,137,17100
1000,removeAtIndex,461,37700
1000,addFront,131500
1000,removeFront,19800
1000,getByIndex,1200
1000,addEnd,11500
1000,getIndex,2423300
1000,removeEnd,20000
1000,addAtIndex,137,24800
1000,removeAtIndex,461,17800
1000,addFront,50300
1000,removeFront,22100
1000,getByIndex,900
1000,addEnd,38400
1000,getIndex,1863900
1000,removeEnd,36500
1000,addAtIndex,137,17400
1000,removeAtIndex,461,16900
1000,addFront,20100
1000,removeFront,29200
1000,getByIndex,1000
1000,addEnd,10900
1000,getIndex,1710300
1000,removeEnd,19300
1000,addAtIndex,137,18900
1000,removeAtIndex,461,27000
1000,addFront,20200
1000,removeFront,19200
1000,getByIndex,1600
1000,addEnd,14400
1000,getIndex,4145200
1000,removeEnd,18100
1000,addAtIndex,137,22300
1000,removeAtIndex,461,31600
1000,addFront,32900
1000,removeFront,21100
1000,getByIndex,900
1000,addEnd,11200
1000,getIndex,1648400
1000,removeEnd,21500
1000,addAtIndex,137,24200
1000,removeAtIndex,461,15900
1000,addFront,23100
1000,removeFront,20700
1000,getByIndex,1100
1000,addEnd,10800
1000,getIndex,2963400
1000,removeEnd,53800
1000,addAtIndex,137,17500
1000,removeAtIndex,461,14900
1000,addFront,25100
1000,removeFront,20700
1000,getByIndex,1900
1000,addEnd,18200
1000,getIndex,2283000
1000,removeEnd,19000
1000,addAtIndex,137,22000
1000,removeAtIndex,461,32200
1000,addFront,18800
1000,removeFront,21700
1000,getByIndex,1000
1000,addEnd,10600
1000,getIndex,1873200
1000,removeEnd,19500
1000,addAtIndex,137,35000
1000,removeAtIndex,461,18000
1000,addFront,409200
1000,removeFront,19600
1000,getByIndex,1100
1000,addEnd,13700
1000,getIndex,2183400
1000,removeEnd,19800
1000,addAtIndex,137,20400
1000,removeAtIndex,461,16800
1000,addFront,20200
1000,removeFront,24300
1000,getByIndex,1100
1000,addEnd,11300
1000,getIndex,1722200
1000,removeEnd,37100
1000,addAtIndex,137,21100
1000,removeAtIndex,465,19400
1000,addFront,23000
1000,removeFront,72500
1000,getByIndex,1000
1000,addEnd,10600
1000,getIndex,3454200
1000,removeEnd,37200
1000,addAtIndex,886,27400
1000,removeAtIndex,465,17300
1000,addFront,22700
1000,removeFront,20300
1000,getByIndex,1900
1000,addEnd,11700
1000,getIndex,2165900
1000,removeEnd,29900
1000,addAtIndex,886,19200
1000,removeAtIndex,465,21300
1000,addFront,47300
1000,removeFront,26000
1000,getByIndex,1100
1000,addEnd,10700
1000,getIndex,2505000
1000,removeEnd,45400
1000,addAtIndex,886,20600
1000,removeAtIndex,465,64500
1000,addFront,33500
1000,removeFront,21100
1000,getByIndex,900
1000,addEnd,11900
1000,getIndex,1573000
1000,removeEnd,37300
1000,addAtIndex,886,20800
1000,removeAtIndex,465,16200
1000,addFront,23500
1000,removeFront,19900
1000,getByIndex,1000
1000,addEnd,10300
1000,getIndex,1759800
1000,removeEnd,33200
1000,addAtIndex,886,17700
1000,removeAtIndex,465,31000
1000,addFront,75000
1000,removeFront,52500
1000,getByIndex,1100
1000,addEnd,10800
1000,getIndex,2313500
1000,removeEnd,18400
1000,addAtIndex,886,18600
1000,removeAtIndex,465,18300
1000,addFront,21000
1000,removeFront,20800
1000,getByIndex,800
1000,addEnd,10200
1000,getIndex,1891800
1000,removeEnd,52600
1000,addAtIndex,886,21800
1000,removeAtIndex,465,51600
1000,addFront,19400
1000,removeFront,18700
1000,getByIndex,1100
1000,addEnd,10400
1000,getIndex,2050300
1000,removeEnd,53600
1000,addAtIndex,886,21600
1000,removeAtIndex,465,111700
1000,addFront,25400
1000,removeFront,25200
1000,getByIndex,1200
1000,addEnd,10400
1000,getIndex,1875000
1000,removeEnd,22800
1000,addAtIndex,886,34300
1000,removeAtIndex,465,35500
1000,addFront,21600
1000,removeFront,23600
1000,getByIndex,1100
1000,addEnd,9900
1000,getIndex,1766100
1000,removeEnd,44000
1000,addAtIndex,886,16900
1000,removeAtIndex,465,16100
1000,addFront,18100
1000,removeFront,26300
1000,getByIndex,800
1000,addEnd,8900
1000,getIndex,1739000
1000,removeEnd,35200
1000,addAtIndex,866,15300
1000,removeAtIndex,468,43000
1000,addFront,18600
1000,removeFront,30700
1000,getByIndex,1000
1000,addEnd,10400
1000,getIndex,1685200
1000,removeEnd,18000
1000,addAtIndex,866,18300
1000,removeAtIndex,468,15800
1000,addFront,19600
1000,removeFront,20100
1000,getByIndex,1000
1000,addEnd,9500
1000,getIndex,2269300
1000,removeEnd,25600
1000,addAtIndex,866,17500
1000,removeAtIndex,468,16500
1000,addFront,22900
1000,removeFront,19000
1000,getByIndex,1600
1000,addEnd,15900
1000,getIndex,2133100
1000,removeEnd,27400
1000,addAtIndex,866,48200
1000,removeAtIndex,468,20300
1000,addFront,24400
1000,removeFront,23600
1000,getByIndex,900
1000,addEnd,12600
1000,getIndex,1841600
1000,removeEnd,21300
1000,addAtIndex,866,17500
1000,removeAtIndex,468,19500
1000,addFront,21600
1000,removeFront,19900
1000,getByIndex,1000
1000,addEnd,11800
1000,getIndex,1749700
1000,removeEnd,17900
1000,addAtIndex,866,72500
1000,removeAtIndex,468,17800
1000,addFront,20900
1000,removeFront,40000
1000,getByIndex,1000
1000,addEnd,10600
1000,getIndex,1690200
1000,removeEnd,36100
1000,addAtIndex,866,17200
1000,removeAtIndex,468,16200
1000,addFront,21700
1000,removeFront,28900
1000,getByIndex,1000
1000,addEnd,11700
1000,getIndex,1503400
1000,removeEnd,19100
1000,addAtIndex,866,42500
1000,removeAtIndex,468,18900
1000,addFront,17500
1000,removeFront,18600
1000,getByIndex,800
1000,addEnd,9800
1000,getIndex,1556200
1000,removeEnd,52900
1000,addAtIndex,866,180000
1000,removeAtIndex,468,15800
1000,addFront,22000
1000,removeFront,78000
1000,getByIndex,2400
1000,addEnd,12000
1000,getIndex,1810000
1000,removeEnd,20300
1000,addAtIndex,866,26000
1000,removeAtIndex,468,22500
1000,addFront,43200
1000,removeFront,36100
1000,getByIndex,1000
1000,addEnd,10000
1000,getIndex,1560200
1000,removeEnd,19600
1000,addAtIndex,866,27300
1000,removeAtIndex,468,18700
1000,addFront,32700
1000,removeFront,39800
1000,getByIndex,1100
1000,addEnd,10400
1000,getIndex,1904900
1000,removeEnd,20200
1000,addAtIndex,614,71100
1000,removeAtIndex,471,17000
1000,addFront,18600
1000,removeFront,22900
1000,getByIndex,1300
1000,addEnd,39600
1000,getIndex,1736700
1000,removeEnd,31400
1000,addAtIndex,614,23500
1000,removeAtIndex,471,18100
1000,addFront,22600
1000,removeFront,45200
1000,getByIndex,1500
1000,addEnd,212600
1000,getIndex,3963700
1000,removeEnd,19500
1000,addAtIndex,614,15600
1000,removeAtIndex,471,30600
1000,addFront,19400
1000,removeFront,22100
1000,getByIndex,900
1000,addEnd,10000
1000,getIndex,1815000
1000,removeEnd,30700
1000,addAtIndex,614,15700
1000,removeAtIndex,471,30000
1000,addFront,19900
1000,removeFront,53700
1000,getByIndex,1000
1000,addEnd,11000
1000,getIndex,1704900
1000,removeEnd,26200
1000,addAtIndex,614,17200
1000,removeAtIndex,471,30000
1000,addFront,34300
1000,removeFront,21600
1000,getByIndex,1000
1000,addEnd,13000
1000,getIndex,1641100
1000,removeEnd,17300
1000,addAtIndex,614,16200
1000,removeAtIndex,471,16900
1000,addFront,24600
1000,removeFront,19000
1000,getByIndex,2100
1000,addEnd,10700
1000,getIndex,2145800
1000,removeEnd,19400
1000,addAtIndex,614,16900
1000,removeAtIndex,471,20600
1000,addFront,23500
1000,removeFront,19800
1000,getByIndex,1000
1000,addEnd,11500
1000,getIndex,1940400
1000,removeEnd,26200
1000,addAtIndex,614,25700
1000,removeAtIndex,471,18500
1000,addFront,18600
1000,removeFront,38600
1000,getByIndex,1000
1000,addEnd,11000
1000,getIndex,14655500
1000,removeEnd,20600
1000,addAtIndex,614,15700
1000,removeAtIndex,471,17000
1000,addFront,42400
1000,removeFront,20000
1000,getByIndex,800
1000,addEnd,11700
1000,getIndex,1877300
1000,removeEnd,21400
1000,addAtIndex,614,24600
1000,removeAtIndex,471,17100
1000,addFront,21100
1000,removeFront,110300
1000,getByIndex,1600
1000,addEnd,13100
1000,getIndex,2618700
1000,removeEnd,39300
1000,addAtIndex,363,22400
1000,removeAtIndex,474,177900
1000,addFront,21600
1000,removeFront,19900
1000,getByIndex,1500
1000,addEnd,14600
1000,getIndex,2168400
1000,removeEnd,25000
1000,addAtIndex,363,16600
1000,removeAtIndex,474,19800
1000,addFront,24400
1000,removeFront,20000
1000,getByIndex,600
1000,addEnd,11000
1000,getIndex,1938600
1000,removeEnd,72800
1000,addAtIndex,363,24800
1000,removeAtIndex,474,17600
1000,addFront,41700
1000,removeFront,18800
1000,getByIndex,1500
1000,addEnd,11500
1000,getIndex,2534300
1000,removeEnd,177000
1000,addAtIndex,363,120900
1000,removeAtIndex,474,27300
1000,addFront,23200
1000,removeFront,20700
1000,getByIndex,1100
1000,addEnd,16400
1000,getIndex,1836400
1000,removeEnd,38100
1000,addAtIndex,363,24600
1000,removeAtIndex,474,19700
1000,addFront,19900
1000,removeFront,21800
1000,getByIndex,900
1000,addEnd,109700
1000,getIndex,2031400
1000,removeEnd,45300
1000,addAtIndex,363,28500
1000,removeAtIndex,474,21800
1000,addFront,18400
1000,removeFront,29400
1000,getByIndex,1000
1000,addEnd,11600
1000,getIndex,1892100
1000,removeEnd,18900
1000,addAtIndex,363,20100
1000,removeAtIndex,474,20800
1000,addFront,20900
1000,removeFront,30200
1000,getByIndex,1200
1000,addEnd,10300
1000,getIndex,1932400
1000,removeEnd,24900
1000,addAtIndex,363,19500
1000,removeAtIndex,474,21500
1000,addFront,19000
1000,removeFront,21700
1000,getByIndex,600
1000,addEnd,9700
1000,getIndex,1503200
1000,removeEnd,48000
1000,addAtIndex,363,20100
1000,removeAtIndex,474,16100
1000,addFront,20400
1000,removeFront,19300
1000,getByIndex,700
1000,addEnd,10000
1000,getIndex,1607300
1000,removeEnd,26000
1000,addAtIndex,363,16300
1000,removeAtIndex,474,17200
1000,addFront,21600
1000,removeFront,34000
1000,getByIndex,800
1000,addEnd,9600
1000,getIndex,1600200
1000,removeEnd,18000
1000,addAtIndex,363,17400
1000,removeAtIndex,478,18100
1000,addFront,17500
1000,removeFront,19500
1000,getByIndex,900
1000,addEnd,12000
1000,getIndex,1911000
1000,removeEnd,28300
1000,addAtIndex,343,14000
1000,removeAtIndex,478,15000
1000,addFront,53000
1000,removeFront,30300
1000,getByIndex,700
1000,addEnd,13600
1000,getIndex,1650300
1000,removeEnd,18700
1000,addAtIndex,343,17400
1000,removeAtIndex,478,16700
1000,addFront,50600
1000,removeFront,25100
1000,getByIndex,1100
1000,addEnd,9700
1000,getIndex,2028100
1000,removeEnd,24900
1000,addAtIndex,343,15700
1000,removeAtIndex,478,17100
1000,addFront,19300
1000,removeFront,18300
1000,getByIndex,800
1000,addEnd,9300
1000,getIndex,2046000
1000,removeEnd,19600
1000,addAtIndex,343,17100
1000,removeAtIndex,478,18100
1000,addFront,18000
1000,removeFront,33200
1000,getByIndex,1200
1000,addEnd,10200
1000,getIndex,1666900
1000,removeEnd,21000
1000,addAtIndex,343,20400
1000,removeAtIndex,478,17900
1000,addFront,23800
1000,removeFront,68200
1000,getByIndex,900
1000,addEnd,15000
1000,getIndex,1813500
1000,removeEnd,21000
1000,addAtIndex,343,16900
1000,removeAtIndex,478,14800
1000,addFront,23900
1000,removeFront,19400
1000,getByIndex,800
1000,addEnd,9000
1000,getIndex,1590900
1000,removeEnd,18700
1000,addAtIndex,343,15400
1000,removeAtIndex,478,17400
1000,addFront,23900
1000,removeFront,38800
1000,getByIndex,800
1000,addEnd,10700
1000,getIndex,1449800
1000,removeEnd,16900
1000,addAtIndex,343,38100
1000,removeAtIndex,478,15700
1000,addFront,21000
1000,removeFront,20300
1000,getByIndex,1000
1000,addEnd,9500
1000,getIndex,2107300
1000,removeEnd,17800
1000,addAtIndex,343,39600
1000,removeAtIndex,478,22400
1000,addFront,101400
1000,removeFront,33900
1000,getByIndex,1000
1000,addEnd,9400
1000,getIndex,1683100
1000,removeEnd,16900
1000,addAtIndex,343,34100
1000,removeAtIndex,478,32600
1000,addFront,24100
1000,removeFront,34200
1000,getByIndex,800
1000,addEnd,10500
1000,getIndex,1370900
1000,removeEnd,17200
1000,addAtIndex,92,25300
1000,removeAtIndex,481,15800
1000,addFront,18500
1000,removeFront,20400
1000,getByIndex,1000
1000,addEnd,39600
1000,getIndex,1470200
1000,removeEnd,18000
1000,addAtIndex,92,19500
1000,removeAtIndex,481,19100
1000,addFront,25700
1000,removeFront,18200
1000,getByIndex,900
1000,addEnd,12400
1000,getIndex,1588700
1000,removeEnd,17100
1000,addAtIndex,92,14600
1000,removeAtIndex,481,23900
1000,addFront,21300
1000,removeFront,24600
1000,getByIndex,800
1000,addEnd,8500
1000,getIndex,1574500
1000,removeEnd,18800
1000,addAtIndex,92,14800
1000,removeAtIndex,481,14000
1000,addFront,23800
1000,removeFront,76900
1000,getByIndex,1500
1000,addEnd,10700
1000,getIndex,1424200
1000,removeEnd,36400
1000,addAtIndex,92,35000
1000,removeAtIndex,481,16700
1000,addFront,32500
1000,removeFront,21700
1000,getByIndex,1000
1000,addEnd,8700
1000,getIndex,1325400
1000,removeEnd,20400
1000,addAtIndex,92,22600
1000,removeAtIndex,481,16300
1000,addFront,19400
1000,removeFront,18300
1000,getByIndex,1500
1000,addEnd,10300
1000,getIndex,1435500
1000,removeEnd,17100
1000,addAtIndex,92,16300
1000,removeAtIndex,481,15600
1000,addFront,48100
1000,removeFront,41900
1000,getByIndex,1100
1000,addEnd,8800
1000,getIndex,1515000
1000,removeEnd,18900
1000,addAtIndex,92,15500
1000,removeAtIndex,481,16000
1000,addFront,23300
1000,removeFront,17700
1000,getByIndex,5000
1000,addEnd,8500
1000,getIndex,1466000
1000,removeEnd,27000
1000,addAtIndex,92,20800
1000,removeAtIndex,481,18000
1000,addFront,18200
1000,removeFront,25800
1000,getByIndex,900
1000,addEnd,10700
1000,getIndex,1784000
1000,removeEnd,29200
1000,addAtIndex,92,13600
1000,removeAtIndex,481,15000
1000,addFront,25900
1000,removeFront,18400
1000,getByIndex,1200
1000,addEnd,14000
1000,getIndex,1968000
1000,removeEnd,94600
1000,addAtIndex,840,21500
1000,removeAtIndex,484,15600
1000,addFront,52100
1000,removeFront,38200
1000,getByIndex,1000
1000,addEnd,7400
1000,getIndex,1801200
1000,removeEnd,19200
1000,addAtIndex,840,22800
1000,removeAtIndex,484,14300
1000,addFront,17200
1000,removeFront,24700
2000,getByIndex,1000
2000,addEnd,23400
2000,getIndex,1493000
2000,removeEnd,40300
2000,addAtIndex,272,24500
2000,removeAtIndex,1514,30500
2000,addFront,30500
2000,removeFront,41600
2000,getByIndex,1000
2000,addEnd,13600
2000,getIndex,1633100
2000,removeEnd,23300
2000,addAtIndex,272,20100
2000,removeAtIndex,1514,19800
2000,addFront,23900
2000,removeFront,86400
2000,getByIndex,1100
2000,addEnd,13800
2000,getIndex,1775200
2000,removeEnd,35800
2000,addAtIndex,272,38200
2000,removeAtIndex,1514,39300
2000,addFront,48600
2000,removeFront,28100
2000,getByIndex,700
2000,addEnd,15800
2000,getIndex,1668800
2000,removeEnd,23800
2000,addAtIndex,272,30700
2000,removeAtIndex,1514,39700
2000,addFront,40300
2000,removeFront,40800
2000,getByIndex,900
2000,addEnd,13300
2000,getIndex,1410000
2000,removeEnd,24900
2000,addAtIndex,272,28900
2000,removeAtIndex,1514,25400
2000,addFront,24400
2000,removeFront,22100
2000,getByIndex,2100
2000,addEnd,14600
2000,getIndex,1392800
2000,removeEnd,43200
2000,addAtIndex,272,19300
2000,removeAtIndex,1514,24400
2000,addFront,26300
2000,removeFront,24200
2000,getByIndex,800
2000,addEnd,15400
2000,getIndex,1693400
2000,removeEnd,23300
2000,addAtIndex,272,14900
2000,removeAtIndex,1517,19000
2000,addFront,23000
2000,removeFront,21700
2000,getByIndex,800
2000,addEnd,14600
2000,getIndex,1920900
2000,removeEnd,21800
2000,addAtIndex,1020,18900
2000,removeAtIndex,1517,183800
2000,addFront,25200
2000,removeFront,44500
2000,getByIndex,1100
2000,addEnd,15300
2000,getIndex,1428700
2000,removeEnd,36500
2000,addAtIndex,1020,27200
2000,removeAtIndex,1517,20000
2000,addFront,97800
2000,removeFront,25600
2000,getByIndex,1200
2000,addEnd,26300
2000,getIndex,1571300
2000,removeEnd,47200
2000,addAtIndex,1020,19000
2000,removeAtIndex,1517,18100
2000,addFront,20800
2000,removeFront,22300
2000,getByIndex,1100
2000,addEnd,27700
2000,getIndex,1382400
2000,removeEnd,22400
2000,addAtIndex,1020,33100
2000,removeAtIndex,1517,19800
2000,addFront,22800
2000,removeFront,24600
2000,getByIndex,1100
2000,addEnd,21200
2000,getIndex,1860500
2000,removeEnd,43800
2000,addAtIndex,1020,24500
2000,removeAtIndex,1517,37600
2000,addFront,26000
2000,removeFront,145000
2000,getByIndex,800
2000,addEnd,14300
2000,getIndex,1561600
2000,removeEnd,22200
2000,addAtIndex,1020,23700
2000,removeAtIndex,1517,29500
2000,addFront,23200
2000,removeFront,27000
2000,getByIndex,1000
2000,addEnd,15600
2000,getIndex,1573500
2000,removeEnd,23400
2000,addAtIndex,1020,31700
2000,removeAtIndex,1517,27000
2000,addFront,23800
2000,removeFront,191900
2000,getByIndex,1300
2000,addEnd,15400
2000,getIndex,2431200
2000,removeEnd,22500
2000,addAtIndex,1020,20500
2000,removeAtIndex,1517,74400
2000,addFront,23800
2000,removeFront,23300
2000,getByIndex,1200
2000,addEnd,17800
2000,getIndex,1973900
2000,removeEnd,27700
2000,addAtIndex,1020,22300
2000,removeAtIndex,1517,23900
2000,addFront,25300
2000,removeFront,32200
2000,getByIndex,1100
2000,addEnd,16000
2000,getIndex,1725200
2000,removeEnd,24200
2000,addAtIndex,1020,22500
2000,removeAtIndex,1517,41100
2000,addFront,28700
2000,removeFront,25700
2000,getByIndex,1300
2000,addEnd,15300
2000,getIndex,2436700
2000,removeEnd,88300
2000,addAtIndex,1000,28100
2000,removeAtIndex,1520,23100
2000,addFront,27200
2000,removeFront,27100
2000,getByIndex,1000
2000,addEnd,54800
2000,getIndex,1456100
2000,removeEnd,86400
2000,addAtIndex,1000,21500
2000,removeAtIndex,1520,35100
2000,addFront,33300
2000,removeFront,32800
2000,getByIndex,900
2000,addEnd,14400
2000,getIndex,1670400
2000,removeEnd,57000
2000,addAtIndex,1000,72800
2000,removeAtIndex,1520,26100
2000,addFront,52600
2000,removeFront,68200
2000,getByIndex,2000
2000,addEnd,14800
2000,getIndex,1386700
2000,removeEnd,40200
2000,addAtIndex,1000,28400
2000,removeAtIndex,1520,21100
2000,addFront,30900
2000,removeFront,29500
2000,getByIndex,1100
2000,addEnd,16100
2000,getIndex,2266200
2000,removeEnd,32400
2000,addAtIndex,1000,24000
2000,removeAtIndex,1520,22400
2000,addFront,22700
2000,removeFront,24500
2000,getByIndex,1200
2000,addEnd,15100
2000,getIndex,1769500
2000,removeEnd,64800
2000,addAtIndex,1000,23000
2000,removeAtIndex,1520,20600
2000,addFront,22800
2000,removeFront,25400
2000,getByIndex,1000
2000,addEnd,14700
2000,getIndex,1791400
2000,removeEnd,22900
2000,addAtIndex,1000,20900
2000,removeAtIndex,1520,17200
2000,addFront,90200
2000,removeFront,26300
2000,getByIndex,800
2000,addEnd,15700
2000,getIndex,1873500
2000,removeEnd,22900
2000,addAtIndex,1000,42300
2000,removeAtIndex,1520,24500
2000,addFront,23000
2000,removeFront,26900
2000,getByIndex,1100
2000,addEnd,46600
2000,getIndex,1684800
2000,removeEnd,27300
2000,addAtIndex,1000,18700
2000,removeAtIndex,1520,21300
2000,addFront,23400
2000,removeFront,26900
2000,getByIndex,800
2000,addEnd,10200
2000,getIndex,1568600
2000,removeEnd,24100
2000,addAtIndex,1000,57100
2000,removeAtIndex,1520,32600
2000,addFront,29600
2000,removeFront,27500
2000,getByIndex,800
2000,addEnd,14500
2000,getIndex,1553800
2000,removeEnd,39000
2000,addAtIndex,1749,20300
2000,removeAtIndex,1523,31400
2000,addFront,49000
2000,removeFront,22400
2000,getByIndex,800
2000,addEnd,10500
2000,getIndex,2124900
2000,removeEnd,38000
2000,addAtIndex,1749,41700
2000,removeAtIndex,1523,19500
2000,addFront,27300
2000,removeFront,33300
2000,getByIndex,900
2000,addEnd,14200
2000,getIndex,1631100
2000,removeEnd,40100
2000,addAtIndex,1749,45000
2000,removeAtIndex,1523,91400
2000,addFront,81200
2000,removeFront,40400
2000,getByIndex,1600
2000,addEnd,14000
2000,getIndex,1506600
2000,removeEnd,24600
2000,addAtIndex,1749,43100
2000,removeAtIndex,1523,20500
2000,addFront,28900
2000,removeFront,21700
2000,getByIndex,900
2000,addEnd,14500
2000,getIndex,1439900
2000,removeEnd,37700
2000,addAtIndex,1749,32200
2000,removeAtIndex,1523,49200
2000,addFront,334500
2000,removeFront,64100
2000,getByIndex,700
2000,addEnd,14400
2000,getIndex,1651800
2000,removeEnd,36800
2000,addAtIndex,1749,179900
2000,removeAtIndex,1523,21700
2000,addFront,25800
2000,removeFront,25000
2000,getByIndex,23700
2000,addEnd,13800
2000,getIndex,1670200
2000,removeEnd,34800
2000,addAtIndex,1749,20900
2000,removeAtIndex,1523,36800
2000,addFront,47100
2000,removeFront,26100
2000,getByIndex,1100
2000,addEnd,14100
2000,getIndex,1638300
2000,removeEnd,23800
2000,addAtIndex,1749,32200
2000,removeAtIndex,1523,24200
2000,addFront,36800
2000,removeFront,22600
2000,getByIndex,800
2000,addEnd,14500
2000,getIndex,1761100
2000,removeEnd,33900
2000,addAtIndex,1749,19800
2000,removeAtIndex,1523,33400
2000,addFront,24000
2000,removeFront,29300
2000,getByIndex,1000
2000,addEnd,13800
2000,getIndex,2052100
2000,removeEnd,25000
2000,addAtIndex,1749,29900
2000,removeAtIndex,1523,22300
2000,addFront,26600
2000,removeFront,34700
2000,getByIndex,1000
2000,addEnd,13900
2000,getIndex,1719600
2000,removeEnd,27500
2000,addAtIndex,1749,26400
2000,removeAtIndex,1523,23500
2000,addFront,33100
2000,removeFront,23800
2000,getByIndex,1100
2000,addEnd,14100
2000,getIndex,1551500
2000,removeEnd,34100
2000,addAtIndex,497,24800
2000,removeAtIndex,1527,31000
2000,addFront,24500
2000,removeFront,27600
2000,getByIndex,900
2000,addEnd,14700
2000,getIndex,2351800
2000,removeEnd,38400
2000,addAtIndex,497,23600
2000,removeAtIndex,1527,21000
2000,addFront,26200
2000,removeFront,24700
2000,getByIndex,600
2000,addEnd,10600
2000,getIndex,1439000
2000,removeEnd,32400
2000,addAtIndex,497,33700
2000,removeAtIndex,1527,22700
2000,addFront,21700
2000,removeFront,23300
2000,getByIndex,800
2000,addEnd,14000
2000,getIndex,1510300
2000,removeEnd,23100
2000,addAtIndex,497,75700
2000,removeAtIndex,1527,21000
2000,addFront,34600
2000,removeFront,39500
2000,getByIndex,1000
2000,addEnd,13600
2000,getIndex,2118400
2000,removeEnd,32800
2000,addAtIndex,497,73100
2000,removeAtIndex,1527,19800
2000,addFront,31700
2000,removeFront,37000
2000,getByIndex,600
2000,addEnd,14900
2000,getIndex,1474200
2000,removeEnd,30300
2000,addAtIndex,497,35100
2000,removeAtIndex,1527,29200
2000,addFront,34100
2000,removeFront,42200
2000,getByIndex,900
2000,addEnd,14900
2000,getIndex,1538200
2000,removeEnd,23800
2000,addAtIndex,497,41000
2000,removeAtIndex,1527,19700
2000,addFront,32200
2000,removeFront,24200
2000,getByIndex,900
2000,addEnd,15000
2000,getIndex,1886100
2000,removeEnd,48400
2000,addAtIndex,497,20500
2000,removeAtIndex,1527,37700
2000,addFront,25500
2000,removeFront,45300
2000,getByIndex,600
2000,addEnd,14900
2000,getIndex,1444200
2000,removeEnd,27700
2000,addAtIndex,497,20800
2000,removeAtIndex,1527,20300
2000,addFront,23100
2000,removeFront,22500
2000,getByIndex,1000
2000,addEnd,17100
2000,getIndex,1702900
2000,removeEnd,49100
2000,addAtIndex,497,20800
2000,removeAtIndex,1527,30400
2000,addFront,30900
2000,removeFront,21700
2000,getByIndex,700
2000,addEnd,10500
2000,getIndex,1571100
2000,removeEnd,41500
2000,addAtIndex,497,23300
2000,removeAtIndex,1530,30700
2000,addFront,31700
2000,removeFront,28000
2000,getByIndex,1000
2000,addEnd,16400
2000,getIndex,1769200
2000,removeEnd,59700
2000,addAtIndex,478,204600
2000,removeAtIndex,1530,19100
2000,addFront,22800
2000,removeFront,23400
2000,getByIndex,900
2000,addEnd,159600
2000,getIndex,1426600
2000,removeEnd,35700
2000,addAtIndex,478,27600
2000,removeAtIndex,1530,20300
2000,addFront,32400
2000,removeFront,43200
2000,getByIndex,900
2000,addEnd,20800
2000,getIndex,1453100
2000,removeEnd,24100
2000,addAtIndex,478,30800
2000,removeAtIndex,1530,26400
2000,addFront,20900
2000,removeFront,23200
2000,getByIndex,900
2000,addEnd,23400
2000,getIndex,2217700
2000,removeEnd,28200
2000,addAtIndex,478,30600
2000,removeAtIndex,1530,33200
2000,addFront,21600
2000,removeFront,30300
2000,getByIndex,1600
2000,addEnd,13300
2000,getIndex,1475200
2000,removeEnd,22300
2000,addAtIndex,478,19500
2000,removeAtIndex,1530,41200
2000,addFront,37600
2000,removeFront,25500
2000,getByIndex,1500
2000,addEnd,13800
2000,getIndex,2594900
2000,removeEnd,31200
2000,addAtIndex,478,17600
2000,removeAtIndex,1530,21300
2000,addFront,24100
2000,removeFront,24400
2000,getByIndex,700
2000,addEnd,10000
2000,getIndex,1577600
2000,removeEnd,45100
2000,addAtIndex,478,27300
2000,removeAtIndex,1530,20600
2000,addFront,21100
2000,removeFront,31200
2000,getByIndex,1300
2000,addEnd,14100
2000,getIndex,2245900
2000,removeEnd,128300
2000,addAtIndex,478,20700
2000,removeAtIndex,1530,46500
2000,addFront,23600
2000,removeFront,61200
2000,getByIndex,800
2000,addEnd,13100
2000,getIndex,1462400
2000,removeEnd,29300
2000,addAtIndex,478,32800
2000,removeAtIndex,1530,20000
2000,addFront,23900
2000,removeFront,37200
2000,getByIndex,1100
2000,addEnd,11300
2000,getIndex,1449300
2000,removeEnd,22500
2000,addAtIndex,478,57200
2000,removeAtIndex,1530,27500
2000,addFront,24600
2000,removeFront,22300
2000,getByIndex,800
2000,addEnd,13400
2000,getIndex,2139200
2000,removeEnd,34900
2000,addAtIndex,1226,21600
2000,removeAtIndex,1533,42300
2000,addFront,39100
2000,removeFront,33400
2000,getByIndex,1000
2000,addEnd,14500
2000,getIndex,1536600
2000,removeEnd,21600
2000,addAtIndex,1226,30200
2000,removeAtIndex,1533,26800
2000,addFront,21800
2000,removeFront,26900
2000,getByIndex,900
2000,addEnd,17500
2000,getIndex,1495100
2000,removeEnd,20700
2000,addAtIndex,1226,60100
2000,removeAtIndex,1533,38300
2000,addFront,20900
2000,removeFront,20700
2000,getByIndex,800
2000,addEnd,15300
2000,getIndex,1396200
2000,removeEnd,22200
2000,addAtIndex,1226,117600
2000,removeAtIndex,1533,35500
2000,addFront,23200
2000,removeFront,31300
2000,getByIndex,1200
2000,addEnd,10600
2000,getIndex,1564600
2000,removeEnd,21200
2000,addAtIndex,1226,23800
2000,removeAtIndex,1533,23000
2000,addFront,20600
2000,removeFront,29700
2000,getByIndex,800
2000,addEnd,13800
2000,getIndex,1539400
2000,removeEnd,55900
2000,addAtIndex,1226,28400
2000,removeAtIndex,1533,19100
2000,addFront,26100
2000,removeFront,55000
2000,getByIndex,1100
2000,addEnd,15100
2000,getIndex,1706600
2000,removeEnd,28700
2000,addAtIndex,1226,32000
2000,removeAtIndex,1533,23000
2000,addFront,70000
2000,removeFront,23800
2000,getByIndex,600
2000,addEnd,25600
2000,getIndex,1362200
2000,removeEnd,26900
2000,addAtIndex,1226,39700
2000,removeAtIndex,1533,23400
2000,addFront,45000
2000,removeFront,25900
2000,getByIndex,1700
2000,addEnd,14300
2000,getIndex,4112700
2000,removeEnd,26800
2000,addAtIndex,1226,30900
2000,removeAtIndex,1533,37800
2000,addFront,30100
2000,removeFront,32500
2000,getByIndex,600
2000,addEnd,11500
2000,getIndex,1404900
2000,removeEnd,29600
2000,addAtIndex,1226,33700
2000,removeAtIndex,1533,22000
2000,addFront,33100
2000,removeFront,21100
2000,getByIndex,1500
2000,addEnd,13600
2000,getIndex,2143300
2000,removeEnd,23100
2000,addAtIndex,1975,24300
2000,removeAtIndex,1536,21500
2000,addFront,27500
2000,removeFront,33900
2000,getByIndex,700
2000,addEnd,15000
2000,getIndex,2017700
2000,removeEnd,22300
2000,addAtIndex,1975,26000
2000,removeAtIndex,1536,43300
2000,addFront,23500
2000,removeFront,60500
2000,getByIndex,900
2000,addEnd,14000
2000,getIndex,1434300
2000,removeEnd,25400
2000,addAtIndex,1975,26600
2000,removeAtIndex,1536,36000
2000,addFront,24300
2000,removeFront,23100
2000,getByIndex,1100
2000,addEnd,24800
2000,getIndex,1464000
2000,removeEnd,26200
2000,addAtIndex,1975,18800
2000,removeAtIndex,1536,21400
2000,addFront,25800
2000,removeFront,26800
2000,getByIndex,900
2000,addEnd,15800
2000,getIndex,1680200
2000,removeEnd,24500
2000,addAtIndex,1975,28200
2000,removeAtIndex,1536,28500
2000,addFront,29800
2000,removeFront,27700
2000,getByIndex,1400
2000,addEnd,16200
2000,getIndex,2100700
2000,removeEnd,28600
2000,addAtIndex,1975,18100
2000,removeAtIndex,1536,39700
2000,addFront,24200
2000,removeFront,49900
2000,getByIndex,1300
2000,addEnd,9900
2000,getIndex,1452800
2000,removeEnd,28400
2000,addAtIndex,1975,20300
2000,removeAtIndex,1536,34100
2000,addFront,24100
2000,removeFront,32900
2000,getByIndex,1300
2000,addEnd,13900
2000,getIndex,2061800
2000,removeEnd,43400
2000,addAtIndex,1975,28100
2000,removeAtIndex,1536,27300
2000,addFront,32900
2000,removeFront,33900
2000,getByIndex,1000
2000,addEnd,20800
2000,getIndex,1486400
2000,removeEnd,22700
2000,addAtIndex,1975,24400
2000,removeAtIndex,1536,26500
2000,addFront,24200
2000,removeFront,27200
2000,getByIndex,800
2000,addEnd,20900
2000,getIndex,1789600
2000,removeEnd,36600
2000,addAtIndex,1975,30300
2000,removeAtIndex,1536,20100
2000,addFront,26300
2000,removeFront,24600
2000,getByIndex,1100
2000,addEnd,14600
2000,getIndex,2678100
2000,removeEnd,27300
2000,addAtIndex,1975,24900
2000,removeAtIndex,1536,28600
2000,addFront,23400
2000,removeFront,30800
2000,getByIndex,1000
2000,addEnd,14900
2000,getIndex,1694800
2000,removeEnd,35200
2000,addAtIndex,1955,27100
2000,removeAtIndex,1540,28500
2000,addFront,21500
2000,removeFront,20800
2000,getByIndex,1100
2000,addEnd,19800
2000,getIndex,1632900
2000,removeEnd,23900
2000,addAtIndex,1955,36000
2000,removeAtIndex,1540,21000
2000,addFront,32900
2000,removeFront,30900
2000,getByIndex,1400
2000,addEnd,159300
2000,getIndex,1591800
2000,removeEnd,28300
2000,addAtIndex,1955,22600
2000,removeAtIndex,1540,28400
2000,addFront,35500
2000,removeFront,46500
2000,getByIndex,900
2000,addEnd,23100
2000,getIndex,1838200
2000,removeEnd,38600
2000,addAtIndex,1955,29200
2000,removeAtIndex,1540,31200
2000,addFront,30100
2000,removeFront,22900
2000,getByIndex,1000
2000,addEnd,15300
2000,getIndex,1870600
2000,removeEnd,24100
2000,addAtIndex,1955,23000
2000,removeAtIndex,1540,32300
2000,addFront,27000
2000,removeFront,25600
2000,getByIndex,900
2000,addEnd,14800
2000,getIndex,2000400
2000,removeEnd,28800
2000,addAtIndex,1955,41100
2000,removeAtIndex,1540,27900
2000,addFront,39500
2000,removeFront,24500
2000,getByIndex,800
2000,addEnd,13600
2000,getIndex,1929300
2000,removeEnd,22300
2000,addAtIndex,1955,298500
2000,removeAtIndex,1540,20300
2000,addFront,59200
2000,removeFront,27000
2000,getByIndex,1000
2000,addEnd,19700
2000,getIndex,1752600
2000,removeEnd,22600
2000,addAtIndex,1955,23100
2000,removeAtIndex,1540,28200
2000,addFront,37000
2000,removeFront,21200
2000,getByIndex,800
2000,addEnd,11900
2000,getIndex,1339800
2000,removeEnd,27400
2000,addAtIndex,1955,21100
2000,removeAtIndex,1540,26500
2000,addFront,21200
2000,removeFront,24000
2000,getByIndex,900
2000,addEnd,13600
2000,getIndex,1446900
2000,removeEnd,19000
2000,addAtIndex,1955,35800
2000,removeAtIndex,1540,20500
2000,addFront,36000
2000,removeFront,22400
2000,getByIndex,1000
2000,addEnd,15800
2000,getIndex,1877500
2000,removeEnd,23300
2000,addAtIndex,703,39700
2000,removeAtIndex,1543,24400
2000,addFront,33700
2000,removeFront,54700
2000,getByIndex,900
2000,addEnd,13300
2000,getIndex,1678700
2000,removeEnd,28300
2000,addAtIndex,703,44900
2000,removeAtIndex,1543,30500
2000,addFront,25200
2000,removeFront,39000
2000,getByIndex,1000
2000,addEnd,23000
2000,getIndex,1593100
2000,removeEnd,22800
2000,addAtIndex,703,24900
2000,removeAtIndex,1543,28400
2000,addFront,33600
2000,removeFront,66500
2000,getByIndex,1100
2000,addEnd,23400
2000,getIndex,2139700
2000,removeEnd,34500
2000,addAtIndex,703,31000
2000,removeAtIndex,1543,28100
2000,addFront,27200
2000,removeFront,50500
2000,getByIndex,900
2000,addEnd,15200
2000,getIndex,1532100
2000,removeEnd,45300
2000,addAtIndex,703,19400
2000,removeAtIndex,1543,24000
2000,addFront,32200
2000,removeFront,31700
2000,getByIndex,900
2000,addEnd,14100
2000,getIndex,1451600
2000,removeEnd,25800
2000,addAtIndex,703,27600
2000,removeAtIndex,1543,20400
2000,addFront,21600
2000,removeFront,22300
2000,getByIndex,700
2000,addEnd,13300
2000,getIndex,1463400
2000,removeEnd,35300
2000,addAtIndex,703,22900
2000,removeAtIndex,1543,21600
2000,addFront,25900
2000,removeFront,44100
2000,getByIndex,1200
2000,addEnd,10900
2000,getIndex,1388800
2000,removeEnd,27400
2000,addAtIndex,703,19700
2000,removeAtIndex,1543,21600
2000,addFront,28200
2000,removeFront,39300
2000,getByIndex,900
2000,addEnd,14400
2000,getIndex,1630600
2000,removeEnd,30700
2000,addAtIndex,703,23700
2000,removeAtIndex,1543,21100
2000,addFront,23900
2000,removeFront,40500
2000,getByIndex,900
2000,addEnd,13700
2000,getIndex,1445000
2000,removeEnd,24500
2000,addAtIndex,703,29600
2000,removeAtIndex,1543,21300
2000,addFront,24400
2000,removeFront,26900
5000,getByIndex,1200
5000,addEnd,53400
5000,getIndex,2132400
5000,removeEnd,43600
5000,addAtIndex,2361,53200
5000,removeAtIndex,2585,54200
5000,addFront,46100
5000,removeFront,47400
5000,getByIndex,1400
5000,addEnd,67000
5000,getIndex,1367400
5000,removeEnd,50600
5000,addAtIndex,2361,48800
5000,removeAtIndex,2585,43800
5000,addFront,45400
5000,removeFront,50700
5000,getByIndex,600
5000,addEnd,46500
5000,getIndex,1240100
5000,removeEnd,50800
5000,addAtIndex,2361,63200
5000,removeAtIndex,2585,40200
5000,addFront,62700
5000,removeFront,45600
5000,getByIndex,1300
5000,addEnd,70800
5000,getIndex,2152900
5000,removeEnd,76000
5000,addAtIndex,2361,150600
5000,removeAtIndex,2585,44300
5000,addFront,45900
5000,removeFront,53600
5000,getByIndex,600
5000,addEnd,61300
5000,getIndex,1256500
5000,removeEnd,49200
5000,addAtIndex,2361,46700
5000,removeAtIndex,2585,41500
5000,addFront,45000
5000,removeFront,47000
5000,getByIndex,900
5000,addEnd,62000
5000,getIndex,1404400
5000,removeEnd,44200
5000,addAtIndex,2361,48500
5000,removeAtIndex,2585,41600
5000,addFront,91000
5000,removeFront,56300
5000,getByIndex,900
5000,addEnd,65500
5000,getIndex,2000100
5000,removeEnd,83400
5000,addAtIndex,2361,53600
5000,removeAtIndex,2585,47200
5000,addFront,44600
5000,removeFront,42400
5000,getByIndex,1300
5000,addEnd,67300
5000,getIndex,1597500
5000,removeEnd,47900
5000,addAtIndex,341,54700
5000,removeAtIndex,2589,48500
5000,addFront,45300
5000,removeFront,72500
5000,getByIndex,700
5000,addEnd,65700
5000,getIndex,1578500
5000,removeEnd,162400
5000,addAtIndex,341,43300
5000,removeAtIndex,2589,43700
5000,addFront,48900
5000,removeFront,57400
5000,getByIndex,1200
5000,addEnd,77000
5000,getIndex,1314800
5000,removeEnd,82200
5000,addAtIndex,341,50500
5000,removeAtIndex,2589,108900
5000,addFront,52900
5000,removeFront,46600
5000,getByIndex,600
5000,addEnd,37400
5000,getIndex,1444800
5000,removeEnd,57300
5000,addAtIndex,341,60500
5000,removeAtIndex,2589,99800
5000,addFront,83500
5000,removeFront,188100
5000,getByIndex,1100
5000,addEnd,38600
5000,getIndex,2395100
5000,removeEnd,48300
5000,addAtIndex,341,47400
5000,removeAtIndex,2589,41000
5000,addFront,54600
5000,removeFront,72300
5000,getByIndex,500
5000,addEnd,61200
5000,getIndex,1399800
5000,removeEnd,55100
5000,addAtIndex,341,61200
5000,removeAtIndex,2589,67400
5000,addFront,44300
5000,removeFront,50600
5000,getByIndex,700
5000,addEnd,75300
5000,getIndex,1587300
5000,removeEnd,98700
5000,addAtIndex,341,61200
5000,removeAtIndex,2589,43400
5000,addFront,53400
5000,removeFront,67100
5000,getByIndex,1300
5000,addEnd,74400
5000,getIndex,2413800
5000,removeEnd,48800
5000,addAtIndex,341,53300
5000,removeAtIndex,2589,86100
5000,addFront,56200
5000,removeFront,38100
5000,getByIndex,900
5000,addEnd,73700
5000,getIndex,1732300
5000,removeEnd,69600
5000,addAtIndex,341,68900
5000,removeAtIndex,2589,48800
5000,addFront,96600
5000,removeFront,61200
5000,getByIndex,1300
5000,addEnd,69300
5000,getIndex,2478000
5000,removeEnd,313800
5000,addAtIndex,341,50100
5000,removeAtIndex,2589,45100
5000,addFront,46900
5000,removeFront,167600
5000,getByIndex,1200
5000,addEnd,73200
5000,getIndex,1420400
5000,removeEnd,68000
5000,addAtIndex,341,46600
5000,removeAtIndex,2589,62500
5000,addFront,45400
5000,removeFront,56300
5000,getByIndex,1000
5000,addEnd,32900
5000,getIndex,2030900
5000,removeEnd,138600
5000,addAtIndex,1089,41900
5000,removeAtIndex,2592,57900
5000,addFront,64000
5000,removeFront,47400
5000,getByIndex,800
5000,addEnd,58700
5000,getIndex,1549600
5000,removeEnd,63100
5000,addAtIndex,1089,39500
5000,removeAtIndex,2592,53000
5000,addFront,56200
5000,removeFront,63100
5000,getByIndex,600
5000,addEnd,52500
5000,getIndex,1323900
5000,removeEnd,59600
5000,addAtIndex,1089,41800
5000,removeAtIndex,2592,110000
5000,addFront,68600
5000,removeFront,41900
5000,getByIndex,1300
5000,addEnd,71600
5000,getIndex,1862300
5000,removeEnd,47200
5000,addAtIndex,1089,44000
5000,removeAtIndex,2592,50100
5000,addFront,134800
5000,removeFront,62800
5000,getByIndex,1000
5000,addEnd,83100
5000,getIndex,1691300
5000,removeEnd,55800
5000,addAtIndex,1089,45300
5000,removeAtIndex,2592,57800
5000,addFront,53900
5000,removeFront,50100
5000,getByIndex,1000
5000,addEnd,61900
5000,getIndex,1691100
5000,removeEnd,83700
5000,addAtIndex,1089,78200
5000,removeAtIndex,2592,41400
5000,addFront,46900
5000,removeFront,46800
5000,getByIndex,600
5000,addEnd,53500
5000,getIndex,1389200
5000,removeEnd,53900
5000,addAtIndex,1089,43400
5000,removeAtIndex,2592,59300
5000,addFront,51500
5000,removeFront,51300
5000,getByIndex,900
5000,addEnd,59000
5000,getIndex,1539400
5000,removeEnd,273300
5000,addAtIndex,1089,54700
5000,removeAtIndex,2592,50000
5000,addFront,46500
5000,removeFront,52300
5000,getByIndex,900
5000,addEnd,55900
5000,getIndex,1531400
5000,removeEnd,61600
5000,addAtIndex,1089,46400
5000,removeAtIndex,2592,45900
5000,addFront,46300
5000,removeFront,56400
5000,getByIndex,600
5000,addEnd,47500
5000,getIndex,1578700
5000,removeEnd,50700
5000,addAtIndex,1089,59800
5000,removeAtIndex,2592,54800
5000,addFront,70300
5000,removeFront,222400
5000,getByIndex,1200
5000,addEnd,64700
5000,getIndex,2157100
5000,removeEnd,43100
5000,addAtIndex,1089,61500
5000,removeAtIndex,2592,42700
5000,addFront,55100
5000,removeFront,66100
5000,getByIndex,700
5000,addEnd,52900
5000,getIndex,1544800
5000,removeEnd,56900
5000,addAtIndex,1838,31800
5000,removeAtIndex,2595,44100
5000,addFront,43600
5000,removeFront,72000
5000,getByIndex,1400
5000,addEnd,76400
5000,getIndex,1648400
5000,removeEnd,42300
5000,addAtIndex,1838,46900
5000,removeAtIndex,2595,276700
5000,addFront,63800
5000,removeFront,57400
5000,getByIndex,700
5000,addEnd,58900
5000,getIndex,1381200
5000,removeEnd,96100
5000,addAtIndex,1838,43300
5000,removeAtIndex,2595,59600
5000,addFront,61700
5000,removeFront,53700
5000,getByIndex,1200
5000,addEnd,55200
5000,getIndex,1518400
5000,removeEnd,45100
5000,addAtIndex,1838,48400
5000,removeAtIndex,2595,65700
5000,addFront,45900
5000,removeFront,76900
5000,getByIndex,1100
5000,addEnd,46000
5000,getIndex,2055800
5000,removeEnd,47400
5000,addAtIndex,1838,46000
5000,removeAtIndex,2595,60900
5000,addFront,47700
5000,removeFront,61800
5000,getByIndex,900
5000,addEnd,22500
5000,getIndex,1498000
5000,removeEnd,61200
5000,addAtIndex,1838,57000
5000,removeAtIndex,2595,43600
5000,addFront,61900
5000,removeFront,49400
5000,getByIndex,900
5000,addEnd,32400
5000,getIndex,2118300
5000,removeEnd,58000
5000,addAtIndex,1838,97400
5000,removeAtIndex,2595,50300
5000,addFront,64900
5000,removeFront,45900
5000,getByIndex,1000
5000,addEnd,194400
5000,getIndex,1450600
5000,removeEnd,50100
5000,addAtIndex,1838,62900
5000,removeAtIndex,2595,69700
5000,addFront,51900
5000,removeFront,48400
5000,getByIndex,1900
5000,addEnd,31400
5000,getIndex,1503900
5000,removeEnd,48200
5000,addAtIndex,1838,46800
5000,removeAtIndex,2595,44700
5000,addFront,74200
5000,removeFront,62000
5000,getByIndex,900
5000,addEnd,37500
5000,getIndex,2061100
5000,removeEnd,58100
5000,addAtIndex,1838,46000
5000,removeAtIndex,2595,59200
5000,addFront,52200
5000,removeFront,64600
5000,getByIndex,1600
5000,addEnd,81100
5000,getIndex,1712200
5000,removeEnd,56400
5000,addAtIndex,4818,86500
5000,removeAtIndex,2598,61100
5000,addFront,50700
5000,removeFront,54200
5000,getByIndex,800
5000,addEnd,76700
5000,getIndex,2151300
5000,removeEnd,47800
5000,addAtIndex,4818,53100
5000,removeAtIndex,2598,43400
5000,addFront,62800
5000,removeFront,49300
5000,getByIndex,1200
5000,addEnd,77400
5000,getIndex,1579500
5000,removeEnd,57200
5000,addAtIndex,4818,58400
5000,removeAtIndex,2598,63500
5000,addFront,84500
5000,removeFront,47600
5000,getByIndex,600
5000,addEnd,64000
5000,getIndex,2037200
5000,removeEnd,58600
5000,addAtIndex,4818,57400
5000,removeAtIndex,2598,209000
5000,addFront,95400
5000,removeFront,84700
5000,getByIndex,1100
5000,addEnd,79100
5000,getIndex,1972600
5000,removeEnd,55700
5000,addAtIndex,4818,51000
5000,removeAtIndex,2598,43900
5000,addFront,72800
5000,removeFront,103900
5000,getByIndex,900
5000,addEnd,62500
5000,getIndex,2029900
5000,removeEnd,50700
5000,addAtIndex,4818,47800
5000,removeAtIndex,2598,51400
5000,addFront,54700
5000,removeFront,49400
5000,getByIndex,1500
5000,addEnd,58500
5000,getIndex,1347800
5000,removeEnd,48000
5000,addAtIndex,4818,41800
5000,removeAtIndex,2598,216300
5000,addFront,46200
5000,removeFront,79000
5000,getByIndex,1300
5000,addEnd,64600
5000,getIndex,3154900
5000,removeEnd,110600
5000,addAtIndex,4818,56200
5000,removeAtIndex,2598,65600
5000,addFront,59300
5000,removeFront,54900
5000,getByIndex,4600
5000,addEnd,51600
5000,getIndex,2299200
5000,removeEnd,88500
5000,addAtIndex,4818,46200
5000,removeAtIndex,2598,265100
5000,addFront,80800
5000,removeFront,72900
5000,getByIndex,3900
5000,addEnd,85200
5000,getIndex,1898800
5000,removeEnd,53900
5000,addAtIndex,4818,51500
5000,removeAtIndex,2598,103100
5000,addFront,82400
5000,removeFront,51800
5000,getByIndex,1100
5000,addEnd,72200
5000,getIndex,1788600
5000,removeEnd,54100
5000,addAtIndex,4818,47100
5000,removeAtIndex,2598,103600
5000,addFront,120300
5000,removeFront,78000
5000,getByIndex,2500
5000,addEnd,74000
5000,getIndex,3899100
5000,removeEnd,116400
5000,addAtIndex,567,150000
5000,removeAtIndex,2602,85000
5000,addFront,81700
5000,removeFront,49600
5000,getByIndex,900
5000,addEnd,70600
5000,getIndex,1837100
5000,removeEnd,72200
5000,addAtIndex,567,66900
5000,removeAtIndex,2602,59800
5000,addFront,100900
5000,removeFront,54400
5000,getByIndex,1200
5000,addEnd,73600
5000,getIndex,2215600
5000,removeEnd,75400
5000,addAtIndex,567,305400
5000,removeAtIndex,2602,271900
5000,addFront,78500
5000,removeFront,59400
5000,getByIndex,600
5000,addEnd,175200
5000,getIndex,1461500
5000,removeEnd,70500
5000,addAtIndex,567,47600
5000,removeAtIndex,2602,55000
5000,addFront,78200
5000,removeFront,49900
5000,getByIndex,700
5000,addEnd,62400
5000,getIndex,1554000
5000,removeEnd,74400
5000,addAtIndex,567,127400
5000,removeAtIndex,2602,47200
5000,addFront,367400
5000,removeFront,52100
5000,getByIndex,1100
5000,addEnd,70400
5000,getIndex,1918900
5000,removeEnd,50500
5000,addAtIndex,567,46200
5000,removeAtIndex,2602,46500
5000,addFront,64700
5000,removeFront,63200
5000,getByIndex,1000
5000,addEnd,72300
5000,getIndex,1533800
5000,removeEnd,79400
5000,addAtIndex,567,47000
5000,removeAtIndex,2602,46600
5000,addFront,47700
5000,removeFront,82200
5000,getByIndex,1300
5000,addEnd,60600
5000,getIndex,2934700
5000,removeEnd,84200
5000,addAtIndex,567,78600
5000,removeAtIndex,2602,45700
5000,addFront,49000
5000,removeFront,62800
5000,getByIndex,900
5000,addEnd,135100
5000,getIndex,1426200
5000,removeEnd,60800
5000,addAtIndex,567,47600
5000,removeAtIndex,2602,53900
5000,addFront,51300
5000,removeFront,56900
5000,getByIndex,800
5000,addEnd,67900
5000,getIndex,1623000
5000,removeEnd,47400
5000,addAtIndex,567,50200
5000,removeAtIndex,2602,95400
5000,addFront,54200
5000,removeFront,71500
5000,getByIndex,1500
5000,addEnd,65900
5000,getIndex,1597900
5000,removeEnd,57600
5000,addAtIndex,1315,49100
5000,removeAtIndex,2605,45100
5000,addFront,69200
5000,removeFront,61500
5000,getByIndex,900
5000,addEnd,70500
5000,getIndex,2278200
5000,removeEnd,46600
5000,addAtIndex,1315,78000
5000,removeAtIndex,2605,68100
5000,addFront,52600
5000,removeFront,47400
5000,getByIndex,1100
5000,addEnd,66600
5000,getIndex,1565700
5000,removeEnd,46200
5000,addAtIndex,1315,67800
5000,removeAtIndex,2605,86700
5000,addFront,48300
5000,removeFront,77300
5000,getByIndex,1100
5000,addEnd,64400
5000,getIndex,1607800
5000,removeEnd,50700
5000,addAtIndex,1315,129500
5000,removeAtIndex,2605,43800
5000,addFront,55200
5000,removeFront,66300
5000,getByIndex,700
5000,addEnd,105400
5000,getIndex,1977600
5000,removeEnd,46800
5000,addAtIndex,1315,55200
5000,removeAtIndex,2605,44800
5000,addFront,63100
5000,removeFront,43700
5000,getByIndex,700
5000,addEnd,68000
5000,getIndex,1738300
5000,removeEnd,47300
5000,addAtIndex,1315,58200
5000,removeAtIndex,2605,80400
5000,addFront,63900
5000,removeFront,64400
5000,getByIndex,1000
5000,addEnd,64000
5000,getIndex,1459500
5000,removeEnd,56800
5000,addAtIndex,1315,46200
5000,removeAtIndex,2605,47500
5000,addFront,53700
5000,removeFront,57200
5000,getByIndex,600
5000,addEnd,67900
5000,getIndex,1472400
5000,removeEnd,63100
5000,addAtIndex,1315,46800
5000,removeAtIndex,2605,61100
5000,addFront,116600
5000,removeFront,63100
5000,getByIndex,1300
5000,addEnd,72500
5000,getIndex,3391700
5000,removeEnd,49200
5000,addAtIndex,1315,50400
5000,removeAtIndex,2605,58900
5000,addFront,46500
5000,removeFront,57000
5000,getByIndex,1000
5000,addEnd,70500
5000,getIndex,1889000
5000,removeEnd,54500
5000,addAtIndex,1315,59200
5000,removeAtIndex,2605,47700
5000,addFront,46600
5000,removeFront,55600
5000,getByIndex,1100
5000,addEnd,65400
5000,getIndex,1593200
5000,removeEnd,51300
5000,addAtIndex,1315,75400
5000,removeAtIndex,2605,46500
5000,addFront,49300
5000,removeFront,64100
5000,getByIndex,1100
5000,addEnd,70100
5000,getIndex,1846300
5000,removeEnd,63200
5000,addAtIndex,4295,109900
5000,removeAtIndex,2608,55100
5000,addFront,86100
5000,removeFront,58700
5000,getByIndex,1000
5000,addEnd,96700
5000,getIndex,2070300
5000,removeEnd,74100
5000,addAtIndex,4295,102800
5000,removeAtIndex,2608,52400
5000,addFront,57200
5000,removeFront,159500
5000,getByIndex,1500
5000,addEnd,92000
5000,getIndex,1939500
5000,removeEnd,58800
5000,addAtIndex,4295,87800
5000,removeAtIndex,2608,54700
5000,addFront,70600
5000,removeFront,332300
5000,getByIndex,1300
5000,addEnd,64300
5000,getIndex,1888500
5000,removeEnd,63700
5000,addAtIndex,4295,72100
5000,removeAtIndex,2608,97700
5000,addFront,50400
5000,removeFront,51800
5000,getByIndex,1500
5000,addEnd,80700
5000,getIndex,2384900
5000,removeEnd,189000
5000,addAtIndex,4295,49900
5000,removeAtIndex,2608,66400
5000,addFront,104900
5000,removeFront,51900
5000,getByIndex,1100
5000,addEnd,74800
5000,getIndex,1661300
5000,removeEnd,84300
5000,addAtIndex,4295,54900
5000,removeAtIndex,2608,93500
5000,addFront,72500
5000,removeFront,103500
5000,getByIndex,1200
5000,addEnd,76400
5000,getIndex,2279000
5000,removeEnd,50200
5000,addAtIndex,4295,131100
5000,removeAtIndex,2608,60100
5000,addFront,80700
5000,removeFront,63700
5000,getByIndex,1700
5000,addEnd,79500
5000,getIndex,4633400
5000,removeEnd,51000
5000,addAtIndex,4295,61400
5000,removeAtIndex,2608,45000
5000,addFront,242800
5000,removeFront,60200
5000,getByIndex,1100
5000,addEnd,74100
5000,getIndex,2449700
5000,removeEnd,73900
5000,addAtIndex,4295,87200
5000,removeAtIndex,2608,368400
5000,addFront,61400
5000,removeFront,60500
5000,getByIndex,1600
5000,addEnd,99900
5000,getIndex,4229700
5000,removeEnd,57900
5000,addAtIndex,4295,55900
5000,removeAtIndex,2608,70000
5000,addFront,56000
5000,removeFront,61400
5000,getByIndex,1400
5000,addEnd,85200
5000,getIndex,49596400
5000,removeEnd,63500
5000,addAtIndex,44,54900
5000,removeAtIndex,2612,55100
5000,addFront,115200
5000,removeFront,90300
5000,getByIndex,1400
5000,addEnd,76800
5000,getIndex,6849000
5000,removeEnd,59100
5000,addAtIndex,44,222500
5000,removeAtIndex,2612,56900
5000,addFront,57800
5000,removeFront,61900
5000,getByIndex,1000
5000,addEnd,86900
5000,getIndex,4646000
5000,removeEnd,59400
5000,addAtIndex,44,77800
5000,removeAtIndex,2612,55300
5000,addFront,62100
5000,removeFront,85200
5000,getByIndex,1300
5000,addEnd,108300
5000,getIndex,7132100
5000,removeEnd,69400
5000,addAtIndex,44,207200
5000,removeAtIndex,2612,154700
5000,addFront,71300
5000,removeFront,75300
5000,getByIndex,1400
5000,addEnd,103800
5000,getIndex,3311500
5000,removeEnd,156000
5000,addAtIndex,44,86800
5000,removeAtIndex,2612,58600
5000,addFront,221400
5000,removeFront,60000
5000,getByIndex,1700
5000,addEnd,120000
5000,getIndex,6933700
5000,removeEnd,440500
5000,addAtIndex,44,52000
5000,removeAtIndex,2612,55700
5000,addFront,52700
5000,removeFront,53300
5000,getByIndex,2300
5000,addEnd,100800
5000,getIndex,1854600
5000,removeEnd,62200
5000,addAtIndex,44,50000
5000,removeAtIndex,2612,66300
5000,addFront,58600
5000,removeFront,72300
5000,getByIndex,1200
5000,addEnd,80600
5000,getIndex,12955500
5000,removeEnd,57400
5000,addAtIndex,44,60500
5000,removeAtIndex,2612,53900
5000,addFront,158600
5000,removeFront,147600
5000,getByIndex,1200
5000,addEnd,84900
5000,getIndex,22519100
5000,removeEnd,54700
5000,addAtIndex,44,54500
5000,removeAtIndex,2612,80100
5000,addFront,228400
5000,removeFront,208400
5000,getByIndex,1300
5000,addEnd,689400
5000,getIndex,8746100
5000,removeEnd,65100
5000,addAtIndex,792,54200
5000,removeAtIndex,2615,55500
5000,addFront,55900
5000,removeFront,61400
5000,getByIndex,1800
5000,addEnd,97700
5000,getIndex,2682600
5000,removeEnd,775200
5000,addAtIndex,792,147200
5000,removeAtIndex,2615,72500
5000,addFront,60500
5000,removeFront,67700
5000,getByIndex,1600
5000,addEnd,89700
5000,getIndex,3883100
5000,removeEnd,50700
5000,addAtIndex,792,141600
5000,removeAtIndex,2615,58200
5000,addFront,54900
5000,removeFront,150800
5000,getByIndex,1500
5000,addEnd,81100
5000,getIndex,3450000
5000,removeEnd,63400
5000,addAtIndex,792,107300
5000,removeAtIndex,2615,59200
5000,addFront,74800
5000,removeFront,74300
5000,getByIndex,1500
5000,addEnd,97800
5000,getIndex,2488300
5000,removeEnd,58100
5000,addAtIndex,792,61500
5000,removeAtIndex,2615,69800
5000,addFront,87300
5000,removeFront,57900
5000,getByIndex,2500
5000,addEnd,82900
5000,getIndex,2902800
5000,removeEnd,62500
5000,addAtIndex,792,54400
5000,removeAtIndex,2615,51800
5000,addFront,59800
5000,removeFront,207800
5000,getByIndex,2600
5000,addEnd,82900
5000,getIndex,2178800
5000,removeEnd,67700
5000,addAtIndex,792,82300
5000,removeAtIndex,2615,52500
5000,addFront,77100
5000,removeFront,61800
5000,getByIndex,1500
5000,addEnd,87200
5000,getIndex,4426300
5000,removeEnd,58900
5000,addAtIndex,792,144500
5000,removeAtIndex,2615,94300
5000,addFront,109300
5000,removeFront,115800
5000,getByIndex,1600
5000,addEnd,98600
5000,getIndex,6661300
5000,removeEnd,53800
5000,addAtIndex,792,54500
5000,removeAtIndex,2615,58900
5000,addFront,63200
5000,removeFront,60800
5000,getByIndex,1900
5000,addEnd,99100
5000,getIndex,6102000
5000,removeEnd,77400
5000,addAtIndex,792,67800
5000,removeAtIndex,2618,77400
5000,addFront,59800
5000,removeFront,519400
10000,getByIndex,900
10000,addEnd,85800
10000,getIndex,1195400
10000,removeEnd,67100
10000,addAtIndex,3178,57100
10000,removeAtIndex,7664,165800
10000,addFront,65800
10000,removeFront,71600
10000,getByIndex,1000
10000,addEnd,94800
10000,getIndex,1244800
10000,removeEnd,67900
10000,addAtIndex,3178,84000
10000,removeAtIndex,7664,52600
10000,addFront,80400
10000,removeFront,85100
10000,getByIndex,700
10000,addEnd,89300
10000,getIndex,1365400
10000,removeEnd,61900
10000,addAtIndex,3178,64900
10000,removeAtIndex,7664,89800
10000,addFront,66700
10000,removeFront,74700
10000,getByIndex,600
10000,addEnd,354100
10000,getIndex,1509200
10000,removeEnd,80700
10000,addAtIndex,3178,75900
10000,removeAtIndex,7664,77900
10000,addFront,63800
10000,removeFront,79900
10000,getByIndex,1000
10000,addEnd,91700
10000,getIndex,1347300
10000,removeEnd,116600
10000,addAtIndex,3178,63000
10000,removeAtIndex,7664,68100
10000,addFront,69400
10000,removeFront,81100
10000,getByIndex,1200
10000,addEnd,93800
10000,getIndex,1745200
10000,removeEnd,139300
10000,addAtIndex,3178,76000
10000,removeAtIndex,7664,71000
10000,addFront,70600
10000,removeFront,71800
10000,getByIndex,900
10000,addEnd,101000
10000,getIndex,1531700
10000,removeEnd,69200
10000,addAtIndex,3178,72300
10000,removeAtIndex,7667,72000
10000,addFront,84100
10000,removeFront,113000
10000,getByIndex,600
10000,addEnd,95500
10000,getIndex,1470600
10000,removeEnd,284900
10000,addAtIndex,1159,71200
10000,removeAtIndex,7667,102700
10000,addFront,318500
10000,removeFront,79300
10000,getByIndex,1200
10000,addEnd,106100
10000,getIndex,1641900
10000,removeEnd,78700
10000,addAtIndex,1159,63200
10000,removeAtIndex,7667,81200
10000,addFront,132500
10000,removeFront,72500
10000,getByIndex,1100
10000,addEnd,96400
10000,getIndex,1537700
10000,removeEnd,71500
10000,addAtIndex,1159,89700
10000,removeAtIndex,7667,85900
10000,addFront,107400
10000,removeFront,74900
10000,getByIndex,1300
10000,addEnd,101200
10000,getIndex,2172300
10000,removeEnd,71800
10000,addAtIndex,1159,71300
10000,removeAtIndex,7667,71500
10000,addFront,78000
10000,removeFront,102300
10000,getByIndex,800
10000,addEnd,103800
10000,getIndex,1622700
10000,removeEnd,66500
10000,addAtIndex,1159,108700
10000,removeAtIndex,7667,72700
10000,addFront,69200
10000,removeFront,78300
10000,getByIndex,1000
10000,addEnd,511200
10000,getIndex,1469200
10000,removeEnd,69600
10000,addAtIndex,1159,78900
10000,removeAtIndex,7667,538200
10000,addFront,92300
10000,removeFront,86600
10000,getByIndex,1300
10000,addEnd,112500
10000,getIndex,1387300
10000,removeEnd,82700
10000,addAtIndex,1159,104100
10000,removeAtIndex,7667,87900
10000,addFront,74200
10000,removeFront,89700
10000,getByIndex,1800
10000,addEnd,108200
10000,getIndex,2879700
10000,removeEnd,72400
10000,addAtIndex,1159,70700
10000,removeAtIndex,7667,68000
10000,addFront,75500
10000,removeFront,73600
10000,getByIndex,1300
10000,addEnd,202300
10000,getIndex,2017700
10000,removeEnd,78000
10000,addAtIndex,1159,285700
10000,removeAtIndex,7667,89500
10000,addFront,81000
10000,removeFront,67500
10000,getByIndex,1500
10000,addEnd,140800
10000,getIndex,2429200
10000,removeEnd,104600
10000,addAtIndex,1159,392100
10000,removeAtIndex,7667,332500
10000,addFront,84700
10000,removeFront,110700
10000,getByIndex,2200
10000,addEnd,355300
10000,getIndex,1806200
10000,removeEnd,71200
10000,addAtIndex,1907,108700
10000,removeAtIndex,7670,1721700
10000,addFront,127700
10000,removeFront,302700
10000,getByIndex,1400
10000,addEnd,119600
10000,getIndex,3117600
10000,removeEnd,117300
10000,addAtIndex,1907,135500
10000,removeAtIndex,7670,73100
10000,addFront,84900
10000,removeFront,78200
10000,getByIndex,1900
10000,addEnd,208300
10000,getIndex,1645500
10000,removeEnd,84500
10000,addAtIndex,1907,90100
10000,removeAtIndex,7670,70100
10000,addFront,78800
10000,removeFront,120100
10000,getByIndex,1200
10000,addEnd,464500
10000,getIndex,1812600
10000,removeEnd,96300
10000,addAtIndex,1907,83600
10000,removeAtIndex,7670,69700
10000,addFront,565700
10000,removeFront,72100
10000,getByIndex,1400
10000,addEnd,122000
10000,getIndex,4009900
10000,removeEnd,92500
10000,addAtIndex,1907,78900
10000,removeAtIndex,7670,98600
10000,addFront,109200
10000,removeFront,86500
10000,getByIndex,800
10000,addEnd,93500
10000,getIndex,1501600
10000,removeEnd,76300
10000,addAtIndex,1907,72800
10000,removeAtIndex,7670,67700
10000,addFront,94600
10000,removeFront,79500
10000,getByIndex,700
10000,addEnd,99700
10000,getIndex,1877800
10000,removeEnd,74700
10000,addAtIndex,1907,74100
10000,removeAtIndex,7670,139500
10000,addFront,81900
10000,removeFront,94400
10000,getByIndex,1200
10000,addEnd,122400
10000,getIndex,1484400
10000,removeEnd,85500
10000,addAtIndex,1907,101900
10000,removeAtIndex,7670,69700
10000,addFront,89000
10000,removeFront,137900
10000,getByIndex,1200
10000,addEnd,109700
10000,getIndex,1521300
10000,removeEnd,84100
10000,addAtIndex,1907,86500
10000,removeAtIndex,7670,121400
10000,addFront,104200
10000,removeFront,88100
10000,getByIndex,1300
10000,addEnd,215100
10000,getIndex,1947100
10000,removeEnd,109000
10000,addAtIndex,1907,209900
10000,removeAtIndex,7670,128600
10000,addFront,105400
10000,removeFront,79100
10000,getByIndex,1200
10000,addEnd,115400
10000,getIndex,1653200
10000,removeEnd,82600
10000,addAtIndex,1907,87700
10000,removeAtIndex,7670,76700
10000,addFront,110300
10000,removeFront,99000
10000,getByIndex,1300
10000,addEnd,129700
10000,getIndex,1810200
10000,removeEnd,140900
10000,addAtIndex,2656,81700
10000,removeAtIndex,7674,81000
10000,addFront,75100
10000,removeFront,116500
10000,getByIndex,1500
10000,addEnd,112100
10000,getIndex,2196400
10000,removeEnd,112000
10000,addAtIndex,2656,78700
10000,removeAtIndex,7674,89500
10000,addFront,87500
10000,removeFront,83200
10000,getByIndex,1200
10000,addEnd,115600
10000,getIndex,1948100
10000,removeEnd,163400
10000,addAtIndex,2656,89800
10000,removeAtIndex,7674,111800
10000,addFront,88400
10000,removeFront,75500
10000,getByIndex,800
10000,addEnd,107200
10000,getIndex,2056500
10000,removeEnd,76900
10000,addAtIndex,2656,79300
10000,removeAtIndex,7674,234600
10000,addFront,97400
10000,removeFront,77200
10000,getByIndex,1400
10000,addEnd,117700
10000,getIndex,1763200
10000,removeEnd,106800
10000,addAtIndex,2656,134400
10000,removeAtIndex,7674,106800
10000,addFront,84900
10000,removeFront,172400
10000,getByIndex,1500
10000,addEnd,113300
10000,getIndex,2008900
10000,removeEnd,82200
10000,addAtIndex,2656,100300
10000,removeAtIndex,7674,74800
10000,addFront,105300
10000,removeFront,90700
10000,getByIndex,1100
10000,addEnd,284000
10000,getIndex,1768800
10000,removeEnd,280300
10000,addAtIndex,2656,100500
10000,removeAtIndex,7674,88600
10000,addFront,74000
10000,removeFront,176400
10000,getByIndex,1200
10000,addEnd,162800
10000,getIndex,2909000
10000,removeEnd,211300
10000,addAtIndex,2656,97100
10000,removeAtIndex,7674,63300
10000,addFront,110500
10000,removeFront,81300
10000,getByIndex,1200
10000,addEnd,111100
10000,getIndex,1634200
10000,removeEnd,95400
10000,addAtIndex,2656,81500
10000,removeAtIndex,7674,107200
10000,addFront,75400
10000,removeFront,298100
10000,getByIndex,1500
10000,addEnd,122800
10000,getIndex,3133200
10000,removeEnd,143300
10000,addAtIndex,2656,71300
10000,removeAtIndex,7674,115100
10000,addFront,157700
10000,removeFront,92500
10000,getByIndex,1800
10000,addEnd,122300
10000,getIndex,1577400
10000,removeEnd,179000
10000,addAtIndex,636,95400
10000,removeAtIndex,7677,77300
10000,addFront,118000
10000,removeFront,146900
10000,getByIndex,1400
10000,addEnd,117000
10000,getIndex,2496800
10000,removeEnd,141500
10000,addAtIndex,636,69500
10000,removeAtIndex,7677,78200
10000,addFront,102700
10000,removeFront,81000
10000,getByIndex,1700
10000,addEnd,132000
10000,getIndex,3027700
10000,removeEnd,97900
10000,addAtIndex,636,107000
10000,removeAtIndex,7677,102400
10000,addFront,86700
10000,removeFront,89500
10000,getByIndex,800
10000,addEnd,123700
10000,getIndex,1912100
10000,removeEnd,90700
10000,addAtIndex,636,73500
10000,removeAtIndex,7677,80800
10000,addFront,126500
10000,removeFront,151500
10000,getByIndex,1500
10000,addEnd,144500
10000,getIndex,2570700
10000,removeEnd,188100
10000,addAtIndex,636,126200
10000,removeAtIndex,7677,96100
10000,addFront,79800
10000,removeFront,92100
10000,getByIndex,800
10000,addEnd,127500
10000,getIndex,1831700
10000,removeEnd,96100
10000,addAtIndex,636,78700
10000,removeAtIndex,7677,124600
10000,addFront,78900
10000,removeFront,78100
10000,getByIndex,1100
10000,addEnd,133800
10000,getIndex,1803700
10000,removeEnd,303500
10000,addAtIndex,636,116800
10000,removeAtIndex,7677,79400
10000,addFront,93300
10000,removeFront,129600
10000,getByIndex,1500
10000,addEnd,136100
10000,getIndex,1973200
10000,removeEnd,116300
10000,addAtIndex,636,124300
10000,removeAtIndex,7677,83800
10000,addFront,92300
10000,removeFront,90300
10000,getByIndex,1800
10000,addEnd,124900
10000,getIndex,2285000
10000,removeEnd,120100
10000,addAtIndex,636,85700
10000,removeAtIndex,7677,84200
10000,addFront,122300
10000,removeFront,108400
10000,getByIndex,1700
10000,addEnd,132800
10000,getIndex,1922800
10000,removeEnd,78000
10000,addAtIndex,636,98400
10000,removeAtIndex,7677,78000
10000,addFront,129700
10000,removeFront,103600
10000,getByIndex,1200
10000,addEnd,119500
10000,getIndex,2095300
10000,removeEnd,97100
10000,addAtIndex,636,113300
10000,removeAtIndex,7680,97000
10000,addFront,110100
10000,removeFront,123700
10000,getByIndex,1600
10000,addEnd,119000
10000,getIndex,1654400
10000,removeEnd,94400
10000,addAtIndex,1384,106800
10000,removeAtIndex,7680,114700
10000,addFront,95800
10000,removeFront,95600
10000,getByIndex,1600
10000,addEnd,161800
10000,getIndex,2277300
10000,removeEnd,99200
10000,addAtIndex,1384,91300
10000,removeAtIndex,7680,92400
10000,addFront,99200
10000,removeFront,101900
10000,getByIndex,1800
10000,addEnd,122400
10000,getIndex,2803100
10000,removeEnd,240200
10000,addAtIndex,1384,104100
10000,removeAtIndex,7680,97700
10000,addFront,90600
10000,removeFront,111900
10000,getByIndex,2100
10000,addEnd,122500
10000,getIndex,1950000
10000,removeEnd,97000
10000,addAtIndex,1384,81900
10000,removeAtIndex,7680,248000
10000,addFront,81200
10000,removeFront,85400
10000,getByIndex,2100
10000,addEnd,123700
10000,getIndex,4774200
10000,removeEnd,408400
10000,addAtIndex,1384,80400
10000,removeAtIndex,7680,118800
10000,addFront,94500
10000,removeFront,146300
10000,getByIndex,1300
10000,addEnd,128100
10000,getIndex,2805800
10000,removeEnd,77500
10000,addAtIndex,1384,81800
10000,removeAtIndex,7680,101400
10000,addFront,104800
10000,removeFront,105600
10000,getByIndex,1300
10000,addEnd,124800
10000,getIndex,2230000
10000,removeEnd,200700
10000,addAtIndex,1384,83100
10000,removeAtIndex,7680,198800
10000,addFront,107000
10000,removeFront,124100
10000,getByIndex,1500
10000,addEnd,134800
10000,getIndex,2121900
10000,removeEnd,111000
10000,addAtIndex,1384,177000
10000,removeAtIndex,7680,85800
10000,addFront,91500
10000,removeFront,87900
10000,getByIndex,2000
10000,addEnd,123700
10000,getIndex,1734000
10000,removeEnd,113300
10000,addAtIndex,1384,445600
10000,removeAtIndex,7680,563600
10000,addFront,86000
10000,removeFront,208200
10000,getByIndex,10800
10000,addEnd,149200
10000,getIndex,2404700
10000,removeEnd,97800
10000,addAtIndex,1384,95800
10000,removeAtIndex,7680,88700
10000,addFront,106300
10000,removeFront,108200
10000,getByIndex,1500
10000,addEnd,154500
10000,getIndex,2194400
10000,removeEnd,112500
10000,addAtIndex,2133,112600
10000,removeAtIndex,7683,184200
10000,addFront,222500
10000,removeFront,140000
10000,getByIndex,1500
10000,addEnd,119500
10000,getIndex,4014700
10000,removeEnd,165900
10000,addAtIndex,2133,83800
10000,removeAtIndex,7683,84200
10000,addFront,126400
10000,removeFront,127200
10000,getByIndex,1500
10000,addEnd,115500
10000,getIndex,2490700
10000,removeEnd,81400
10000,addAtIndex,2133,96200
10000,removeAtIndex,7683,106100
10000,addFront,98700
10000,removeFront,76300
10000,getByIndex,1700
10000,addEnd,123900
10000,getIndex,2834600
10000,removeEnd,92700
10000,addAtIndex,2133,76600
10000,removeAtIndex,7683,90800
10000,addFront,95800
10000,removeFront,100600
10000,getByIndex,1600
10000,addEnd,158000
10000,getIndex,1830500
10000,removeEnd,85300
10000,addAtIndex,2133,82700
10000,removeAtIndex,7683,74700
10000,addFront,78800
10000,removeFront,85700
10000,getByIndex,1400
10000,addEnd,123600
10000,getIndex,2581100
10000,removeEnd,283900
10000,addAtIndex,2133,96200
10000,removeAtIndex,7683,139400
10000,addFront,100700
10000,removeFront,100100
10000,getByIndex,2100
10000,addEnd,161000
10000,getIndex,2629300
10000,removeEnd,114000
10000,addAtIndex,2133,99800
10000,removeAtIndex,7683,87500
10000,addFront,82500
10000,removeFront,495300
10000,getByIndex,1400
10000,addEnd,132900
10000,getIndex,2344200
10000,removeEnd,74500
10000,addAtIndex,2133,81900
10000,removeAtIndex,7683,95600
10000,addFront,85800
10000,removeFront,139400
10000,getByIndex,1300
10000,addEnd,106200
10000,getIndex,1860000
10000,removeEnd,121000
10000,addAtIndex,2133,302000
10000,removeAtIndex,7683,144300
10000,addFront,80600
10000,removeFront,100000
10000,getByIndex,1100
10000,addEnd,102900
10000,getIndex,2327800
10000,removeEnd,182700
10000,addAtIndex,2133,129400
10000,removeAtIndex,7683,94800
10000,addFront,109300
10000,removeFront,75700
10000,getByIndex,1500
10000,addEnd,148700
10000,getIndex,2192800
10000,removeEnd,116800
10000,addAtIndex,2133,97200
10000,removeAtIndex,7683,65000
10000,addFront,93600
10000,removeFront,80900
10000,getByIndex,3500
10000,addEnd,142400
10000,getIndex,3952500
10000,removeEnd,75200
10000,addAtIndex,113,96200
10000,removeAtIndex,7687,76100
10000,addFront,87200
10000,removeFront,85900
10000,getByIndex,1500
10000,addEnd,131400
10000,getIndex,1911000
10000,removeEnd,87700
10000,addAtIndex,113,76600
10000,removeAtIndex,7687,79400
10000,addFront,91000
10000,removeFront,109800
10000,getByIndex,2100
10000,addEnd,152600
10000,getIndex,2498900
10000,removeEnd,131900
10000,addAtIndex,113,80100
10000,removeAtIndex,7687,73900
10000,addFront,98200
10000,removeFront,79700
10000,getByIndex,2300
10000,addEnd,117200
10000,getIndex,1984800
10000,removeEnd,93800
10000,addAtIndex,113,123300
10000,removeAtIndex,7687,80000
10000,addFront,115800
10000,removeFront,83800
10000,getByIndex,1400
10000,addEnd,128400
10000,getIndex,1975800
10000,removeEnd,126800
10000,addAtIndex,113,85900
10000,removeAtIndex,7687,82100
10000,addFront,123900
10000,removeFront,87600
10000,getByIndex,1600
10000,addEnd,112100
10000,getIndex,1942600
10000,removeEnd,94100
10000,addAtIndex,113,153500
10000,removeAtIndex,7687,256600
10000,addFront,148700
10000,removeFront,82800
10000,getByIndex,1200
10000,addEnd,131500
10000,getIndex,1879900
10000,removeEnd,123800
10000,addAtIndex,113,114300
10000,removeAtIndex,7687,119600
10000,addFront,126300
10000,removeFront,86000
10000,getByIndex,900
10000,addEnd,194900
10000,getIndex,1810200
10000,removeEnd,147300
10000,addAtIndex,113,71700
10000,removeAtIndex,7687,76400
10000,addFront,94400
10000,removeFront,88500
10000,getByIndex,1100
10000,addEnd,115900
10000,getIndex,1601400
10000,removeEnd,123400
10000,addAtIndex,113,93500
10000,removeAtIndex,7687,89100
10000,addFront,85100
10000,removeFront,74200
10000,getByIndex,800
10000,addEnd,83900
10000,getIndex,1677600
10000,removeEnd,77300
10000,addAtIndex,113,98100
10000,removeAtIndex,7687,106600
10000,addFront,93000
10000,removeFront,98300
10000,getByIndex,1400
10000,addEnd,106100
10000,getIndex,2471700
10000,removeEnd,224400
10000,addAtIndex,862,107700
10000,removeAtIndex,7690,77900
10000,addFront,83200
10000,removeFront,84700
10000,getByIndex,1600
10000,addEnd,136300
10000,getIndex,1889300
10000,removeEnd,72700
10000,addAtIndex,862,129800
10000,removeAtIndex,7690,97500
10000,addFront,97200
10000,removeFront,131700
10000,getByIndex,1300
10000,addEnd,122600
10000,getIndex,1637700
10000,removeEnd,111300
10000,addAtIndex,862,86800
10000,removeAtIndex,7690,66200
10000,addFront,75600
10000,removeFront,99200
10000,getByIndex,900
10000,addEnd,118200
10000,getIndex,1952200
10000,removeEnd,83200
10000,addAtIndex,862,68700
10000,removeAtIndex,7690,77600
10000,addFront,80500
10000,removeFront,90600
10000,getByIndex,1200
10000,addEnd,116400
10000,getIndex,1588900
10000,removeEnd,83200
10000,addAtIndex,862,440900
10000,removeAtIndex,7690,73600
10000,addFront,125900
10000,removeFront,82700
10000,getByIndex,3400
10000,addEnd,116000
10000,getIndex,1518500
10000,removeEnd,108000
10000,addAtIndex,862,80800
10000,removeAtIndex,7690,104100
10000,addFront,77600
10000,removeFront,89400
10000,getByIndex,1000
10000,addEnd,158200
10000,getIndex,1520100
10000,removeEnd,72300
10000,addAtIndex,862,149000
10000,removeAtIndex,7690,82000
10000,addFront,156200
10000,removeFront,93400
10000,getByIndex,1300
10000,addEnd,234400
10000,getIndex,1799600
10000,removeEnd,73800
10000,addAtIndex,862,92400
10000,removeAtIndex,7690,103600
10000,addFront,93400
10000,removeFront,152900
10000,getByIndex,1300
10000,addEnd,127400
10000,getIndex,2052200
10000,removeEnd,80100
10000,addAtIndex,862,157200
10000,removeAtIndex,7690,75100
10000,addFront,79500
10000,removeFront,79400
10000,getByIndex,600
10000,addEnd,135400
10000,getIndex,1806900
10000,removeEnd,288300
10000,addAtIndex,862,112200
10000,removeAtIndex,7690,316600
10000,addFront,168400
10000,removeFront,94200
10000,getByIndex,2400
10000,addEnd,115400
10000,getIndex,1551800
10000,removeEnd,91100
10000,addAtIndex,862,74800
10000,removeAtIndex,7690,68700
10000,addFront,75100
10000,removeFront,87700
10000,getByIndex,4100
10000,addEnd,166100
10000,getIndex,2925000
10000,removeEnd,74100
10000,addAtIndex,1610,85800
10000,removeAtIndex,7693,417200
10000,addFront,200300
10000,removeFront,394600
10000,getByIndex,1500
10000,addEnd,139300
10000,getIndex,3864700
10000,removeEnd,127600
10000,addAtIndex,1610,80000
10000,removeAtIndex,7693,101800
10000,addFront,84800
10000,removeFront,110800
10000,getByIndex,1300
10000,addEnd,581900
10000,getIndex,2412000
10000,removeEnd,120100
10000,addAtIndex,1610,73500
10000,removeAtIndex,7693,78000
10000,addFront,1425200
10000,removeFront,196800
10000,getByIndex,4200
10000,addEnd,115100
10000,getIndex,2184500
10000,removeEnd,86200
10000,addAtIndex,1610,89900
10000,removeAtIndex,7693,146500
10000,addFront,123000
10000,removeFront,79500
10000,getByIndex,1300
10000,addEnd,122100
10000,getIndex,1918200
10000,removeEnd,95700
10000,addAtIndex,1610,94100
10000,removeAtIndex,7693,92000
10000,addFront,111800
10000,removeFront,818700
10000,getByIndex,1300
10000,addEnd,119800
10000,getIndex,1908400
10000,removeEnd,141000
10000,addAtIndex,1610,149500
10000,removeAtIndex,7693,71300
10000,addFront,84900
10000,removeFront,132400
10000,getByIndex,1600
10000,addEnd,132000
10000,getIndex,3387100
10000,removeEnd,381000
10000,addAtIndex,1610,90100
10000,removeAtIndex,7693,103000
10000,addFront,82500
10000,removeFront,109400
10000,getByIndex,1400
10000,addEnd,126600
10000,getIndex,1954700
10000,removeEnd,145100
10000,addAtIndex,1610,139000
10000,removeAtIndex,7693,100200
10000,addFront,284800
10000,removeFront,77600
10000,getByIndex,1700
10000,addEnd,373100
10000,getIndex,2238500
10000,removeEnd,88300
10000,addAtIndex,1610,190400
10000,removeAtIndex,7693,284700
10000,addFront,128400
10000,removeFront,204800
20000,getByIndex,900
20000,addEnd,172700
20000,getIndex,1314700
20000,removeEnd,183500
20000,addAtIndex,7202,128100
20000,removeAtIndex,7758,97400
20000,addFront,135600
20000,removeFront,119600
20000,getByIndex,1500
20000,addEnd,188200
20000,getIndex,1506500
20000,removeEnd,116700
20000,addAtIndex,7202,117000
20000,removeAtIndex,7758,144200
20000,addFront,122900
20000,removeFront,103200
20000,getByIndex,800
20000,addEnd,174600
20000,getIndex,1491700
20000,removeEnd,125100
20000,addAtIndex,17951,103400
20000,removeAtIndex,7762,144900
20000,addFront,182000
20000,removeFront,118300
20000,getByIndex,800
20000,addEnd,173100
20000,getIndex,1960700
20000,removeEnd,141400
20000,addAtIndex,17951,116600
20000,removeAtIndex,7762,128800
20000,addFront,167100
20000,removeFront,105200
20000,getByIndex,900
20000,addEnd,176100
20000,getIndex,1453700
20000,removeEnd,106500
20000,addAtIndex,17951,97600
20000,removeAtIndex,7762,117900
20000,addFront,125500
20000,removeFront,160300
20000,getByIndex,1900
20000,addEnd,165900
20000,getIndex,1420100
20000,removeEnd,138700
20000,addAtIndex,17951,139000
20000,removeAtIndex,7762,129400
20000,addFront,140100
20000,removeFront,158700
20000,getByIndex,1500
20000,addEnd,202900
20000,getIndex,2125700
20000,removeEnd,153700
20000,addAtIndex,17951,162400
20000,removeAtIndex,7762,145700
20000,addFront,111800
20000,removeFront,129700
20000,getByIndex,700
20000,addEnd,176200
20000,getIndex,1671700
20000,removeEnd,142400
20000,addAtIndex,17951,124500
20000,removeAtIndex,7762,137600
20000,addFront,143100
20000,removeFront,129500
20000,getByIndex,1100
20000,addEnd,195000
20000,getIndex,1747000
20000,removeEnd,168900
20000,addAtIndex,17951,140500
20000,removeAtIndex,7762,139500
20000,addFront,152900
20000,removeFront,159500
20000,getByIndex,1000
20000,addEnd,260300
20000,getIndex,1629400
20000,removeEnd,151400
20000,addAtIndex,17951,103000
20000,removeAtIndex,7762,132800
20000,addFront,132400
20000,removeFront,146200
20000,getByIndex,1000
20000,addEnd,176300
20000,getIndex,1763000
20000,removeEnd,120100
20000,addAtIndex,17951,149400
20000,removeAtIndex,7762,127200
20000,addFront,133000
20000,removeFront,132500
20000,getByIndex,3600
20000,addEnd,211200
20000,getIndex,2281300
20000,removeEnd,176000
20000,addAtIndex,17951,117700
20000,removeAtIndex,7762,244100
20000,addFront,151900
20000,removeFront,131300
20000,getByIndex,2100
20000,addEnd,206400
20000,getIndex,1607100
20000,removeEnd,149700
20000,addAtIndex,17951,141600
20000,removeAtIndex,7762,137500
20000,addFront,131000
20000,removeFront,334600
20000,getByIndex,1300
20000,addEnd,230300
20000,getIndex,2296400
20000,removeEnd,187700
20000,addAtIndex,8699,188200
20000,removeAtIndex,7765,138600
20000,addFront,308900
20000,removeFront,139900
20000,getByIndex,1200
20000,addEnd,206100
20000,getIndex,1606900
20000,removeEnd,157100
20000,addAtIndex,8699,136800
20000,removeAtIndex,7765,129600
20000,addFront,142500
20000,removeFront,172500
20000,getByIndex,1500
20000,addEnd,209000
20000,getIndex,1887100
20000,removeEnd,133000
20000,addAtIndex,8699,92500
20000,removeAtIndex,7765,155900
20000,addFront,134000
20000,removeFront,265900
20000,getByIndex,800
20000,addEnd,260100
20000,getIndex,2120500
20000,removeEnd,109600
20000,addAtIndex,8699,131700
20000,removeAtIndex,7765,140600
20000,addFront,213700
20000,removeFront,134500
20000,getByIndex,2200
20000,addEnd,224000
20000,getIndex,1528000
20000,removeEnd,125100
20000,addAtIndex,8699,245500
20000,removeAtIndex,7765,165100
20000,addFront,124400
20000,removeFront,134200
20000,getByIndex,900
20000,addEnd,228400
20000,getIndex,1622500
20000,removeEnd,146900
20000,addAtIndex,8699,143100
20000,removeAtIndex,7765,141900
20000,addFront,146000
20000,removeFront,146500
20000,getByIndex,1500
20000,addEnd,216400
20000,getIndex,2304800
20000,removeEnd,133300
20000,addAtIndex,8699,132100
20000,removeAtIndex,7765,252700
20000,addFront,207200
20000,removeFront,173400
20000,getByIndex,1200
20000,addEnd,203900
20000,getIndex,2114200
20000,removeEnd,137400
20000,addAtIndex,8699,130500
20000,removeAtIndex,7765,132500
20000,addFront,146600
20000,removeFront,157500
20000,getByIndex,1700
20000,addEnd,194500
20000,getIndex,1911200
20000,removeEnd,131300
20000,addAtIndex,8699,149100
20000,removeAtIndex,7765,132400
20000,addFront,178500
20000,removeFront,166200
20000,getByIndex,1400
20000,addEnd,297000
20000,getIndex,2070600
20000,removeEnd,165100
20000,addAtIndex,8699,191100
20000,removeAtIndex,7765,136600
20000,addFront,320800
20000,removeFront,151500
20000,getByIndex,1500
20000,addEnd,213200
20000,getIndex,1650400
20000,removeEnd,149100
20000,addAtIndex,6679,129300
20000,removeAtIndex,7768,145800
20000,addFront,286700
20000,removeFront,190700
20000,getByIndex,2400
20000,addEnd,197400
20000,getIndex,3070600
20000,removeEnd,137300
20000,addAtIndex,6679,148800
20000,removeAtIndex,7768,150100
20000,addFront,131900
20000,removeFront,152100
20000,getByIndex,1500
20000,addEnd,188000
20000,getIndex,1902600
20000,removeEnd,173700
20000,addAtIndex,6679,175200
20000,removeAtIndex,7768,168600
20000,addFront,177100
20000,removeFront,132900
20000,getByIndex,2500
20000,addEnd,222800
20000,getIndex,1975400
20000,removeEnd,219900
20000,addAtIndex,6679,169400
20000,removeAtIndex,7768,129800
20000,addFront,151500
20000,removeFront,182500
20000,getByIndex,2500
20000,addEnd,274800
20000,getIndex,1951400
20000,removeEnd,159900
20000,addAtIndex,6679,212100
20000,removeAtIndex,7768,131600
20000,addFront,154900
20000,removeFront,144000
20000,getByIndex,1800
20000,addEnd,227000
20000,getIndex,2246500
20000,removeEnd,137900
20000,addAtIndex,6679,155300
20000,removeAtIndex,7768,161900
20000,addFront,489200
20000,removeFront,133000
20000,getByIndex,1300
20000,addEnd,215000
20000,getIndex,1859600
20000,removeEnd,245400
20000,addAtIndex,6679,154900
20000,removeAtIndex,7768,155600
20000,addFront,186400
20000,removeFront,192700
20000,getByIndex,800
20000,addEnd,637400
20000,getIndex,1661000
20000,removeEnd,137100
20000,addAtIndex,6679,136100
20000,removeAtIndex,7768,134800
20000,addFront,209600
20000,removeFront,177400
20000,getByIndex,3000
20000,addEnd,219600
20000,getIndex,1801400
20000,removeEnd,139600
20000,addAtIndex,6679,179300
20000,removeAtIndex,7768,148300
20000,addFront,196200
20000,removeFront,150000
20000,getByIndex,1800
20000,addEnd,206500
20000,getIndex,2019100
20000,removeEnd,141900
20000,addAtIndex,6679,143600
20000,removeAtIndex,7768,128300
20000,addFront,147400
20000,removeFront,134900
20000,getByIndex,1400
20000,addEnd,205500
20000,getIndex,1821500
20000,removeEnd,128700
20000,addAtIndex,6679,142300
20000,removeAtIndex,7768,133900
20000,addFront,214900
20000,removeFront,136300
20000,getByIndex,1700
20000,addEnd,210600
20000,getIndex,1726300
20000,removeEnd,149700
20000,addAtIndex,17428,133800
20000,removeAtIndex,7772,187700
20000,addFront,159500
20000,removeFront,138200
20000,getByIndex,3900
20000,addEnd,208600
20000,getIndex,2509900
20000,removeEnd,117800
20000,addAtIndex,17428,156000
20000,removeAtIndex,7772,170400
20000,addFront,294100
20000,removeFront,168900
20000,getByIndex,1700
20000,addEnd,213500
20000,getIndex,2015800
20000,removeEnd,239900
20000,addAtIndex,17428,246000
20000,removeAtIndex,7772,141300
20000,addFront,144900
20000,removeFront,145300
20000,getByIndex,1700
20000,addEnd,193700
20000,getIndex,1738500
20000,removeEnd,168900
20000,addAtIndex,17428,176600
20000,removeAtIndex,7772,150300
20000,addFront,133000
20000,removeFront,176700
20000,getByIndex,1800
20000,addEnd,204100
20000,getIndex,1517900
20000,removeEnd,154100
20000,addAtIndex,17428,148900
20000,removeAtIndex,7772,141000
20000,addFront,143300
20000,removeFront,139400
20000,getByIndex,1300
20000,addEnd,205200
20000,getIndex,2836700
20000,removeEnd,141300
20000,addAtIndex,17428,140500
20000,removeAtIndex,7772,148200
20000,addFront,139800
20000,removeFront,159200
20000,getByIndex,1200
20000,addEnd,150200
20000,getIndex,1748700
20000,removeEnd,147500
20000,addAtIndex,17428,137700
20000,removeAtIndex,7772,111300
20000,addFront,141500
20000,removeFront,212200
20000,getByIndex,1200
20000,addEnd,205300
20000,getIndex,1753200
20000,removeEnd,146800
20000,addAtIndex,17428,130800
20000,removeAtIndex,7772,133500
20000,addFront,131300
20000,removeFront,135900
20000,getByIndex,1500
20000,addEnd,258000
20000,getIndex,1681900
20000,removeEnd,258500
20000,addAtIndex,17428,204900
20000,removeAtIndex,7772,130200
20000,addFront,198100
20000,removeFront,121900
20000,getByIndex,1900
20000,addEnd,209100
20000,getIndex,1699800
20000,removeEnd,205300
20000,addAtIndex,17428,136700
20000,removeAtIndex,7772,131300
20000,addFront,191200
20000,removeFront,179000
20000,getByIndex,1300
20000,addEnd,255000
20000,getIndex,2696300
20000,removeEnd,208100
20000,addAtIndex,8176,125700
20000,removeAtIndex,7775,190200
20000,addFront,127800
20000,removeFront,243600
20000,getByIndex,1100
20000,addEnd,210600
20000,getIndex,1775000
20000,removeEnd,148700
20000,addAtIndex,8176,195400
20000,removeAtIndex,7775,134300
20000,addFront,138200
20000,removeFront,556800
20000,getByIndex,1400
20000,addEnd,192300
20000,getIndex,1801900
20000,removeEnd,139900
20000,addAtIndex,8176,128100
20000,removeAtIndex,7775,98800
20000,addFront,125700
20000,removeFront,127100
20000,getByIndex,1600
20000,addEnd,190100
20000,getIndex,1759300
20000,removeEnd,191400
20000,addAtIndex,8176,127800
20000,removeAtIndex,7775,124100
20000,addFront,138800
20000,removeFront,190700
20000,getByIndex,1000
20000,addEnd,218200
20000,getIndex,1954000
20000,removeEnd,208900
20000,addAtIndex,8176,127600
20000,removeAtIndex,7775,135900
20000,addFront,129100
20000,removeFront,170000
20000,getByIndex,1100
20000,addEnd,210800
20000,getIndex,1944300
20000,removeEnd,132400
20000,addAtIndex,8176,155400
20000,removeAtIndex,7775,140000
20000,addFront,143000
20000,removeFront,135200
20000,getByIndex,1100
20000,addEnd,200000
20000,getIndex,1644800
20000,removeEnd,144400
20000,addAtIndex,8176,135500
20000,removeAtIndex,7775,139600
20000,addFront,149200
20000,removeFront,137800
20000,getByIndex,900
20000,addEnd,200900
20000,getIndex,2322300
20000,removeEnd,140800
20000,addAtIndex,8176,133200
20000,removeAtIndex,7775,157700
20000,addFront,122900
20000,removeFront,141800
20000,getByIndex,800
20000,addEnd,181800
20000,getIndex,1557600
20000,removeEnd,187400
20000,addAtIndex,8176,145400
20000,removeAtIndex,7775,133000
20000,addFront,128800
20000,removeFront,159200
20000,getByIndex,1700
20000,addEnd,183500
20000,getIndex,2649800
20000,removeEnd,114900
20000,addAtIndex,8176,187700
20000,removeAtIndex,7775,133400
20000,addFront,158800
20000,removeFront,149400
20000,getByIndex,1600
20000,addEnd,221300
20000,getIndex,1799100
20000,removeEnd,265700
20000,addAtIndex,8176,133200
20000,removeAtIndex,7775,167800
20000,addFront,137300
20000,removeFront,156400
20000,getByIndex,1200
20000,addEnd,242400
20000,getIndex,2872600
20000,removeEnd,139200
20000,addAtIndex,6157,287000
20000,removeAtIndex,7778,223600
20000,addFront,179800
20000,removeFront,164500
20000,getByIndex,1400
20000,addEnd,198700
20000,getIndex,1743400
20000,removeEnd,136100
20000,addAtIndex,6157,130500
20000,removeAtIndex,7778,244400
20000,addFront,132300
20000,removeFront,131300
20000,getByIndex,1300
20000,addEnd,184300
20000,getIndex,1728900
20000,removeEnd,129600
20000,addAtIndex,6157,476900
20000,removeAtIndex,7778,120900
20000,addFront,120200
20000,removeFront,136800
20000,getByIndex,1800
20000,addEnd,192900
20000,getIndex,1605200
20000,removeEnd,132400
20000,addAtIndex,6157,214900
20000,removeAtIndex,7778,144500
20000,addFront,122900
20000,removeFront,126600
20000,getByIndex,1400
20000,addEnd,185400
20000,getIndex,1611800
20000,removeEnd,181000
20000,addAtIndex,6157,129000
20000,removeAtIndex,7778,162600
20000,addFront,156200
20000,removeFront,186100
20000,getByIndex,1000
20000,addEnd,192100
20000,getIndex,1969900
20000,removeEnd,140200
20000,addAtIndex,6157,277000
20000,removeAtIndex,7778,168100
20000,addFront,147800
20000,removeFront,137300
20000,getByIndex,900
20000,addEnd,187200
20000,getIndex,1505200
20000,removeEnd,146200
20000,addAtIndex,6157,133400
20000,removeAtIndex,7778,145700
20000,addFront,130900
20000,removeFront,158300
20000,getByIndex,1200
20000,addEnd,198400
20000,getIndex,1592200
20000,removeEnd,154700
20000,addAtIndex,6157,93200
20000,removeAtIndex,7778,117800
20000,addFront,141300
20000,removeFront,135500
20000,getByIndex,1400
20000,addEnd,197100
20000,getIndex,1722800
20000,removeEnd,135600
20000,addAtIndex,16905,120300
20000,removeAtIndex,7781,128500
20000,addFront,128400
20000,removeFront,126000
20000,getByIndex,2200
20000,addEnd,240800
20000,getIndex,1943400
20000,removeEnd,120300
20000,addAtIndex,16905,123700
20000,removeAtIndex,7781,140200
20000,addFront,165200
20000,removeFront,132500
20000,getByIndex,900
20000,addEnd,278900
20000,getIndex,1647400
20000,removeEnd,154800
20000,addAtIndex,16905,148900
20000,removeAtIndex,7781,132100
20000,addFront,133800
20000,removeFront,143500
20000,getByIndex,1300
20000,addEnd,171400
20000,getIndex,1822900
20000,removeEnd,127300
20000,addAtIndex,16905,146400
20000,removeAtIndex,7781,125600
20000,addFront,145200
20000,removeFront,258500
20000,getByIndex,1700
20000,addEnd,254200
20000,getIndex,1581500
20000,removeEnd,126900
20000,addAtIndex,16905,151100
20000,removeAtIndex,7781,120800
20000,addFront,145400
20000,removeFront,129200
20000,getByIndex,1400
20000,addEnd,198400
20000,getIndex,1794900
20000,removeEnd,233700
20000,addAtIndex,16905,113500
20000,removeAtIndex,7781,134000
20000,addFront,158400
20000,removeFront,145500
20000,getByIndex,1500
20000,addEnd,235800
20000,getIndex,1629400
20000,removeEnd,132500
20000,addAtIndex,16905,127100
20000,removeAtIndex,7781,123700
20000,addFront,138200
20000,removeFront,140800
20000,getByIndex,700
20000,addEnd,168200
20000,getIndex,1528000
20000,removeEnd,162200
20000,addAtIndex,16905,169400
20000,removeAtIndex,7781,135600
20000,addFront,131900
20000,removeFront,148300
20000,getByIndex,800
20000,addEnd,212700
20000,getIndex,2013700
20000,removeEnd,236900
20000,addAtIndex,16905,121400
20000,removeAtIndex,7781,250900
20000,addFront,158600
20000,removeFront,165500
20000,getByIndex,1200
20000,addEnd,199000
20000,getIndex,2049700
20000,removeEnd,136000
20000,addAtIndex,16905,130800
20000,removeAtIndex,7781,122100
20000,addFront,166000
20000,removeFront,132800
20000,getByIndex,1100
20000,addEnd,171200
20000,getIndex,2080800
20000,removeEnd,130600
20000,addAtIndex,16905,135600
20000,removeAtIndex,7785,233300
20000,addFront,162600
20000,removeFront,161700
20000,getByIndex,1000
20000,addEnd,217600
20000,getIndex,1997900
20000,removeEnd,122600
20000,addAtIndex,7653,124000
20000,removeAtIndex,7785,264000
20000,addFront,129000
20000,removeFront,167700
20000,getByIndex,1500
20000,addEnd,200700
20000,getIndex,1723100
20000,removeEnd,158200
20000,addAtIndex,7653,167500
20000,removeAtIndex,7785,148100
20000,addFront,191300
20000,removeFront,135200
20000,getByIndex,1100
20000,addEnd,205900
20000,getIndex,1766400
20000,removeEnd,170100
20000,addAtIndex,7653,133500
20000,removeAtIndex,7785,139500
20000,addFront,139300
20000,removeFront,258200
20000,getByIndex,2000
20000,addEnd,219100
20000,getIndex,2870400
20000,removeEnd,176600
20000,addAtIndex,7653,210500
20000,removeAtIndex,7785,164500
20000,addFront,128000
20000,removeFront,134400
20000,getByIndex,1400
20000,addEnd,205600
20000,getIndex,1856500
20000,removeEnd,183600
20000,addAtIndex,7653,134800
20000,removeAtIndex,7785,140400
20000,addFront,149600
20000,removeFront,154300
20000,getByIndex,1300
20000,addEnd,205000
20000,getIndex,2120000
20000,removeEnd,142100
20000,addAtIndex,7653,187900
20000,removeAtIndex,7785,122100
20000,addFront,130300
20000,removeFront,156600
20000,getByIndex,1600
20000,addEnd,244500
20000,getIndex,1721500
20000,removeEnd,188500
20000,addAtIndex,7653,151100
20000,removeAtIndex,7785,133500
20000,addFront,174400
20000,removeFront,141600
20000,getByIndex,1000
20000,addEnd,163600
20000,getIndex,1540000
20000,removeEnd,158600
20000,addAtIndex,7653,161100
20000,removeAtIndex,7785,130600
20000,addFront,139700
20000,removeFront,182100
20000,getByIndex,1600
20000,addEnd,197300
20000,getIndex,1872400
20000,removeEnd,162300
20000,addAtIndex,7653,165300
20000,removeAtIndex,7785,89800
20000,addFront,146800
20000,removeFront,158000
20000,getByIndex,1400
20000,addEnd,191000
20000,getIndex,1844900
20000,removeEnd,137300
20000,addAtIndex,7653,157800
20000,removeAtIndex,7785,132900
20000,addFront,155300
20000,removeFront,184400
20000,getByIndex,1500
20000,addEnd,205700
20000,getIndex,3119000
20000,removeEnd,133400
20000,addAtIndex,5634,161300
20000,removeAtIndex,7788,125800
20000,addFront,156000
20000,removeFront,147400
20000,getByIndex,1100
20000,addEnd,195200
20000,getIndex,2029300
20000,removeEnd,136100
20000,addAtIndex,5634,139600
20000,removeAtIndex,7788,150900
20000,addFront,160600
20000,removeFront,130200
20000,getByIndex,1000
20000,addEnd,196500
20000,getIndex,1489000
20000,removeEnd,250100
20000,addAtIndex,5634,301500
20000,removeAtIndex,7788,145700
20000,addFront,148700
20000,removeFront,147100
20000,getByIndex,1200
20000,addEnd,297400
20000,getIndex,1799700
20000,removeEnd,152600
20000,addAtIndex,5634,156300
20000,removeAtIndex,7788,138800
20000,addFront,148800
20000,removeFront,175000
20000,getByIndex,1100
20000,addEnd,218000
20000,getIndex,1618900
20000,removeEnd,155900
20000,addAtIndex,5634,134100
20000,removeAtIndex,7788,136300
20000,addFront,136600
20000,removeFront,151700
20000,getByIndex,1700
20000,addEnd,211500
20000,getIndex,1843100
20000,removeEnd,135300
20000,addAtIndex,5634,144100
20000,removeAtIndex,7788,151800
20000,addFront,149600
20000,removeFront,152200
20000,getByIndex,1500
20000,addEnd,198400
20000,getIndex,1639400
20000,removeEnd,170900
20000,addAtIndex,5634,142800
20000,removeAtIndex,7788,154900
20000,addFront,159800
20000,removeFront,147100
20000,getByIndex,1400
20000,addEnd,214700
20000,getIndex,2485000
20000,removeEnd,146700
20000,addAtIndex,5634,135400
20000,removeAtIndex,7788,132000
20000,addFront,140000
20000,removeFront,135800
20000,getByIndex,1000
20000,addEnd,191900
20000,getIndex,1872400
20000,removeEnd,165200
20000,addAtIndex,5634,130800
20000,removeAtIndex,7788,160700
20000,addFront,132000
20000,removeFront,137500
20000,getByIndex,1100
20000,addEnd,207200
20000,getIndex,1640300
20000,removeEnd,135700
20000,addAtIndex,5634,167900
20000,removeAtIndex,7788,130000
20000,addFront,134300
20000,removeFront,158100
20000,getByIndex,1000
20000,addEnd,190500
20000,getIndex,2225700
20000,removeEnd,143900
20000,addAtIndex,5634,134100
20000,removeAtIndex,7788,133600
20000,addFront,176500
20000,removeFront,127100
20000,getByIndex,1500
20000,addEnd,191200
20000,getIndex,1741900
20000,removeEnd,122600
20000,addAtIndex,16382,170700
20000,removeAtIndex,7791,500500
20000,addFront,108200
20000,removeFront,263400
20000,getByIndex,1600
20000,addEnd,387300
20000,getIndex,2340500
20000,removeEnd,290600
20000,addAtIndex,16382,337800
20000,removeAtIndex,7791,143500
20000,addFront,139500
20000,removeFront,132400
20000,getByIndex,1800
20000,addEnd,355500
20000,getIndex,1747500
20000,removeEnd,165400
20000,addAtIndex,16382,132000
20000,removeAtIndex,7791,151600
20000,addFront,134500
20000,removeFront,137100
20000,getByIndex,5500
20000,addEnd,243400
20000,getIndex,2078200
20000,removeEnd,140900
20000,addAtIndex,16382,114900
20000,removeAtIndex,7791,133700
20000,addFront,138600
20000,removeFront,197900
20000,getByIndex,1000
20000,addEnd,210600
20000,getIndex,2663500
20000,removeEnd,543100
20000,addAtIndex,16382,123300
20000,removeAtIndex,7791,150400
20000,addFront,129700
20000,removeFront,136900
