1000,getByIndex,4000
1000,addEnd,3500
1000,removeEnd,55500
1000,addAtIndex,499,31000
1000,getIndex,2465200
1000,removeAtIndex,499,23900
1000,addFront,35300
1000,removeFront,9200
1000,getByIndex,4600
1000,addEnd,1500
1000,removeEnd,8200
1000,addAtIndex,499,32800
1000,getIndex,1222900
1000,removeAtIndex,499,37500
1000,addFront,34100
1000,removeFront,7300
1000,getByIndex,5500
1000,addEnd,1800
1000,removeEnd,8000
1000,addAtIndex,499,28500
1000,getIndex,1816300
1000,removeAtIndex,499,25700
1000,addFront,9400
1000,removeFront,70700
1000,getByIndex,5800
1000,addEnd,2800
1000,removeEnd,7500
1000,addAtIndex,499,62300
1000,getIndex,1738700
1000,removeAtIndex,499,239900
1000,addFront,18800
1000,removeFront,10700
1000,getByIndex,8600
1000,addEnd,3100
1000,removeEnd,9300
1000,addAtIndex,499,53300
1000,getIndex,1221300
1000,removeAtIndex,499,53300
1000,addFront,19500
1000,removeFront,37400
1000,getByIndex,3000
1000,addEnd,1300
1000,removeEnd,36100
1000,addAtIndex,499,47100
1000,getIndex,1283900
1000,removeAtIndex,499,30800
1000,addFront,9100
1000,removeFront,21200
1000,getByIndex,5800
1000,addEnd,1900
1000,removeEnd,7500
1000,addAtIndex,499,33300
1000,getIndex,1673900
1000,removeAtIndex,499,42400
1000,addFront,8100
1000,removeFront,7000
1000,getByIndex,4000
1000,addEnd,1700
1000,removeEnd,6500
1000,addAtIndex,499,38400
1000,getIndex,1230300
1000,removeAtIndex,499,39300
1000,addFront,36200
1000,removeFront,8400
1000,getByIndex,5300
1000,addEnd,1800
1000,removeEnd,25100
1000,addAtIndex,499,64000
1000,getIndex,1696200
1000,removeAtIndex,499,23600
1000,addFront,49800
1000,removeFront,11600
1000,getByIndex,27200
1000,addEnd,2000
1000,removeEnd,8200
1000,addAtIndex,499,26600
1000,getIndex,1164100
1000,removeAtIndex,499,47300
1000,addFront,29500
1000,removeFront,18200
1000,getByIndex,5300
1000,addEnd,1700
1000,removeEnd,8700
1000,addAtIndex,499,32500
1000,getIndex,1223100
1000,removeAtIndex,499,34300
1000,addFront,8800
1000,removeFront,16300
1000,getByIndex,9000
1000,addEnd,3600
1000,removeEnd,9200
1000,addAtIndex,499,27000
1000,getIndex,1282600
1000,removeAtIndex,499,57900
1000,addFront,7800
1000,removeFront,9000
1000,getByIndex,19000
1000,addEnd,2700
1000,removeEnd,6900
1000,addAtIndex,499,23400
1000,getIndex,1553400
1000,removeAtIndex,499,34700
1000,addFront,9900
1000,removeFront,8800
1000,getByIndex,3400
1000,addEnd,1700
1000,removeEnd,99200
1000,addAtIndex,499,21200
1000,getIndex,4368200
1000,removeAtIndex,499,34200
1000,addFront,11900
1000,removeFront,14100
1000,getByIndex,9500
1000,addEnd,2000
1000,removeEnd,51000
1000,addAtIndex,499,94300
1000,getIndex,1472900
1000,removeAtIndex,499,39700
1000,addFront,14200
1000,removeFront,9200
1000,getByIndex,5900
1000,addEnd,1500
1000,removeEnd,9900
1000,addAtIndex,499,28100
1000,getIndex,2000500
1000,removeAtIndex,499,32700
1000,addFront,9400
1000,removeFront,6000
1000,getByIndex,3800
1000,addEnd,1400
1000,removeEnd,9200
1000,addAtIndex,499,57300
1000,getIndex,1573400
1000,removeAtIndex,499,52600
1000,addFront,10500
1000,removeFront,9700
1000,getByIndex,7000
1000,addEnd,2900
1000,removeEnd,6900
1000,addAtIndex,499,114700
1000,getIndex,1702600
1000,removeAtIndex,499,33700
1000,addFront,13500
1000,removeFront,7900
1000,getByIndex,12100
1000,addEnd,2900
1000,removeEnd,6800
1000,addAtIndex,499,52900
1000,getIndex,2395500
1000,removeAtIndex,499,40300
1000,addFront,10600
1000,removeFront,12900
1000,getByIndex,17600
1000,addEnd,4000
1000,removeEnd,8500
1000,addAtIndex,499,38500
1000,getIndex,3268000
1000,removeAtIndex,499,25100
1000,addFront,12100
1000,removeFront,9700
1000,getByIndex,7900
1000,addEnd,2900
1000,removeEnd,7700
1000,addAtIndex,499,58500
1000,getIndex,1243100
1000,removeAtIndex,499,25300
1000,addFront,9300
1000,removeFront,7700
1000,getByIndex,5100
1000,addEnd,2300
1000,removeEnd,10200
1000,addAtIndex,499,28600
1000,getIndex,1790700
1000,removeAtIndex,499,33100
1000,addFront,13000
1000,removeFront,8700
1000,getByIndex,4300
1000,addEnd,1500
1000,removeEnd,6200
1000,addAtIndex,499,23000
1000,getIndex,1343900
1000,removeAtIndex,499,27500
1000,addFront,11700
1000,removeFront,17200
1000,getByIndex,17800
1000,addEnd,3600
1000,removeEnd,8500
1000,addAtIndex,499,31100
1000,getIndex,2125800
1000,removeAtIndex,499,77500
1000,addFront,30800
1000,removeFront,7900
1000,getByIndex,7300
1000,addEnd,3100
1000,removeEnd,7900
1000,addAtIndex,499,28500
1000,getIndex,1302600
1000,removeAtIndex,499,38600
1000,addFront,10100
1000,removeFront,6700
1000,getByIndex,4200
1000,addEnd,2100
1000,removeEnd,15300
1000,addAtIndex,499,29300
1000,getIndex,1911600
1000,removeAtIndex,499,23600
1000,addFront,8900
1000,removeFront,7300
1000,getByIndex,9700
1000,addEnd,2200
1000,removeEnd,7500
1000,addAtIndex,499,48300
1000,getIndex,1558200
1000,removeAtIndex,499,49400
1000,addFront,26800
1000,removeFront,32100
1000,getByIndex,4600
1000,addEnd,1400
1000,removeEnd,7700
1000,addAtIndex,499,19700
1000,getIndex,1525200
1000,removeAtIndex,499,19900
1000,addFront,13600
1000,removeFront,6000
1000,getByIndex,6100
1000,addEnd,3300
1000,removeEnd,14300
1000,addAtIndex,499,30900
1000,getIndex,1374500
1000,removeAtIndex,499,130700
1000,addFront,8500
1000,removeFront,6500
1000,getByIndex,5800
1000,addEnd,3600
1000,removeEnd,8600
1000,addAtIndex,499,36600
1000,getIndex,1240100
1000,removeAtIndex,499,29200
1000,addFront,33500
1000,removeFront,8300
1000,getByIndex,4800
1000,addEnd,3900
1000,removeEnd,7700
1000,addAtIndex,499,32700
1000,getIndex,1357300
1000,removeAtIndex,499,37700
1000,addFront,10400
1000,removeFront,9200
1000,getByIndex,3800
1000,addEnd,2800
1000,removeEnd,8500
1000,addAtIndex,499,31300
1000,getIndex,1236100
1000,removeAtIndex,499,37500
1000,addFront,9000
1000,removeFront,7000
1000,getByIndex,5400
1000,addEnd,2600
1000,removeEnd,11400
1000,addAtIndex,499,21700
1000,getIndex,1689900
1000,removeAtIndex,499,40400
1000,addFront,11900
1000,removeFront,8100
1000,getByIndex,5400
1000,addEnd,1600
1000,removeEnd,8700
1000,addAtIndex,499,24100
1000,getIndex,1361100
1000,removeAtIndex,499,39400
1000,addFront,11000
1000,removeFront,10500
1000,getByIndex,11100
1000,addEnd,3000
1000,removeEnd,8100
1000,addAtIndex,499,35900
1000,getIndex,1136200
1000,removeAtIndex,499,27700
1000,addFront,9300
1000,removeFront,11100
1000,getByIndex,6000
1000,addEnd,1600
1000,removeEnd,7000
1000,addAtIndex,499,24700
1000,getIndex,1311300
1000,removeAtIndex,499,106000
1000,addFront,8900
1000,removeFront,10900
1000,getByIndex,10300
1000,addEnd,2600
1000,removeEnd,7200
1000,addAtIndex,499,44900
1000,getIndex,1359100
1000,removeAtIndex,499,23400
1000,addFront,11300
1000,removeFront,10400
1000,getByIndex,4100
1000,addEnd,2900
1000,removeEnd,8800
1000,addAtIndex,499,46800
1000,getIndex,1478500
1000,removeAtIndex,499,29100
1000,addFront,17100
1000,removeFront,8200
1000,getByIndex,4800
1000,addEnd,1600
1000,removeEnd,9100
1000,addAtIndex,499,33700
1000,getIndex,1491100
1000,removeAtIndex,499,33100
1000,addFront,8300
1000,removeFront,6900
1000,getByIndex,5500
1000,addEnd,2000
1000,removeEnd,7000
1000,addAtIndex,499,51200
1000,getIndex,1327200
1000,removeAtIndex,499,60500
1000,addFront,8800
1000,removeFront,7800
1000,getByIndex,4200
1000,addEnd,2000
1000,removeEnd,9300
1000,addAtIndex,499,38000
1000,getIndex,1416800
1000,removeAtIndex,499,42600
1000,addFront,10600
1000,removeFront,8900
1000,getByIndex,6500
1000,addEnd,2800
1000,removeEnd,7500
1000,addAtIndex,499,41500
1000,getIndex,1312200
1000,removeAtIndex,499,24500
1000,addFront,15800
1000,removeFront,7000
1000,getByIndex,12900
1000,addEnd,2300
1000,removeEnd,25200
1000,addAtIndex,499,43000
1000,getIndex,1403500
1000,removeAtIndex,499,32400
1000,addFront,8800
1000,removeFront,8900
1000,getByIndex,12600
1000,addEnd,2600
1000,removeEnd,8900
1000,addAtIndex,499,40000
1000,getIndex,1330600
1000,removeAtIndex,499,51400
1000,addFront,9700
1000,removeFront,8700
1000,getByIndex,5000
1000,addEnd,2400
1000,removeEnd,12900
1000,addAtIndex,499,31900
1000,getIndex,1366400
1000,removeAtIndex,499,42900
1000,addFront,8900
1000,removeFront,7800
1000,getByIndex,7300
1000,addEnd,2400
1000,removeEnd,30400
1000,addAtIndex,499,28400
1000,getIndex,1232300
1000,removeAtIndex,499,33500
1000,addFront,16200
1000,removeFront,16700
1000,getByIndex,8800
1000,addEnd,2400
1000,removeEnd,9800
1000,addAtIndex,499,41900
1000,getIndex,1388800
1000,removeAtIndex,499,28900
1000,addFront,13000
1000,removeFront,6900
1000,getByIndex,7300
1000,addEnd,2500
1000,removeEnd,7600
1000,addAtIndex,499,30100
1000,getIndex,1624400
1000,removeAtIndex,499,37200
1000,addFront,9500
1000,removeFront,9300
1000,getByIndex,7600
1000,addEnd,2500
1000,removeEnd,7400
1000,addAtIndex,499,24900
1000,getIndex,1474100
1000,removeAtIndex,499,33800
1000,addFront,9300
1000,removeFront,10300
1000,getByIndex,6200
1000,addEnd,1700
1000,removeEnd,9200
1000,addAtIndex,499,31800
1000,getIndex,1174100
1000,removeAtIndex,499,26900
1000,addFront,7800
1000,removeFront,8900
1000,getByIndex,24700
1000,addEnd,3600
1000,removeEnd,7200
1000,addAtIndex,499,35200
1000,getIndex,1172400
1000,removeAtIndex,499,34100
1000,addFront,8600
1000,removeFront,10200
1000,getByIndex,4700
1000,addEnd,2300
1000,removeEnd,8100
1000,addAtIndex,499,30900
1000,getIndex,1221900
1000,removeAtIndex,499,31900
1000,addFront,10500
1000,removeFront,53800
1000,getByIndex,14300
1000,addEnd,3700
1000,removeEnd,9000
1000,addAtIndex,499,29900
1000,getIndex,1659600
1000,removeAtIndex,499,38500
1000,addFront,10500
1000,removeFront,9100
1000,getByIndex,6300
1000,addEnd,4200
1000,removeEnd,7600
1000,addAtIndex,499,39000
1000,getIndex,1522100
1000,removeAtIndex,499,33300
1000,addFront,11400
1000,removeFront,7700
1000,getByIndex,7800
1000,addEnd,1800
1000,removeEnd,7600
1000,addAtIndex,499,21800
1000,getIndex,1406600
1000,removeAtIndex,499,32300
1000,addFront,31500
1000,removeFront,7700
1000,getByIndex,26500
1000,addEnd,4200
1000,removeEnd,9400
1000,addAtIndex,499,53100
1000,getIndex,1464200
1000,removeAtIndex,499,39100
1000,addFront,11700
1000,removeFront,21200
1000,getByIndex,6300
1000,addEnd,2100
1000,removeEnd,7400
1000,addAtIndex,499,31200
1000,getIndex,1376600
1000,removeAtIndex,499,35000
1000,addFront,8800
1000,removeFront,7100
1000,getByIndex,14900
1000,addEnd,2600
1000,removeEnd,7900
1000,addAtIndex,499,54500
1000,getIndex,1996100
1000,removeAtIndex,499,53600
1000,addFront,10600
1000,removeFront,6700
1000,getByIndex,4800
1000,addEnd,3600
1000,removeEnd,9100
1000,addAtIndex,499,29300
1000,getIndex,1494300
1000,removeAtIndex,499,31300
1000,addFront,9300
1000,removeFront,8300
1000,getByIndex,4500
1000,addEnd,2200
1000,removeEnd,10100
1000,addAtIndex,499,40500
1000,getIndex,1393000
1000,removeAtIndex,499,37200
1000,addFront,11000
1000,removeFront,36900
1000,getByIndex,10900
1000,addEnd,4100
1000,removeEnd,9300
1000,addAtIndex,499,39700
1000,getIndex,1322200
1000,removeAtIndex,499,34800
1000,addFront,10400
1000,removeFront,7800
1000,getByIndex,9400
1000,addEnd,1800
1000,removeEnd,8300
1000,addAtIndex,499,27900
1000,getIndex,1351500
1000,removeAtIndex,499,33700
1000,addFront,8900
1000,removeFront,7300
1000,getByIndex,6000
1000,addEnd,2100
1000,removeEnd,8200
1000,addAtIndex,499,37300
1000,getIndex,1582000
1000,removeAtIndex,499,46200
1000,addFront,9700
1000,removeFront,9300
1000,getByIndex,6800
1000,addEnd,2700
1000,removeEnd,9400
1000,addAtIndex,499,31600
1000,getIndex,1637800
1000,removeAtIndex,499,51200
1000,addFront,17700
1000,removeFront,8500
1000,getByIndex,8600
1000,addEnd,2400
1000,removeEnd,9800
1000,addAtIndex,499,44800
1000,getIndex,1512100
1000,removeAtIndex,499,27600
1000,addFront,10500
1000,removeFront,13100
1000,getByIndex,4600
1000,addEnd,1700
1000,removeEnd,15400
1000,addAtIndex,499,31500
1000,getIndex,1580600
1000,removeAtIndex,499,38000
1000,addFront,26400
1000,removeFront,6700
1000,getByIndex,9100
1000,addEnd,3400
1000,removeEnd,8600
1000,addAtIndex,499,28400
1000,getIndex,1451700
1000,removeAtIndex,499,32400
1000,addFront,10600
1000,removeFront,9000
1000,getByIndex,9300
1000,addEnd,3100
1000,removeEnd,15300
1000,addAtIndex,499,33600
1000,getIndex,1341900
1000,removeAtIndex,499,45300
1000,addFront,18300
1000,removeFront,25100
1000,getByIndex,13500
1000,addEnd,2300
1000,removeEnd,10700
1000,addAtIndex,499,42400
1000,getIndex,1583600
1000,removeAtIndex,499,69500
1000,addFront,16500
1000,removeFront,17000
1000,getByIndex,9400
1000,addEnd,2000
1000,removeEnd,7800
1000,addAtIndex,499,31200
1000,getIndex,1784800
1000,removeAtIndex,499,31800
1000,addFront,9800
1000,removeFront,10600
1000,getByIndex,6700
1000,addEnd,2300
1000,removeEnd,8400
1000,addAtIndex,499,44100
1000,getIndex,1953600
1000,removeAtIndex,499,32500
1000,addFront,10600
1000,removeFront,8200
1000,getByIndex,6300
1000,addEnd,2400
1000,removeEnd,8900
1000,addAtIndex,499,42700
1000,getIndex,1613800
1000,removeAtIndex,499,41800
1000,addFront,7700
1000,removeFront,12400
1000,getByIndex,8400
1000,addEnd,3000
1000,removeEnd,9400
1000,addAtIndex,499,66600
1000,getIndex,2041400
1000,removeAtIndex,499,34300
1000,addFront,9200
1000,removeFront,8300
1000,getByIndex,6200
1000,addEnd,2100
1000,removeEnd,7500
1000,addAtIndex,499,93300
1000,getIndex,1431700
1000,removeAtIndex,499,34100
1000,addFront,9900
1000,removeFront,8900
1000,getByIndex,6700
1000,addEnd,3500
1000,removeEnd,8100
1000,addAtIndex,499,28100
1000,getIndex,1400800
1000,removeAtIndex,499,34500
1000,addFront,9000
1000,removeFront,11900
1000,getByIndex,8200
1000,addEnd,2200
1000,removeEnd,7200
1000,addAtIndex,499,43500
1000,getIndex,1283000
1000,removeAtIndex,499,46300
1000,addFront,9200
1000,removeFront,7800
1000,getByIndex,13100
1000,addEnd,2600
1000,removeEnd,8900
1000,addAtIndex,499,33400
1000,getIndex,1588900
1000,removeAtIndex,499,42900
1000,addFront,9100
1000,removeFront,13900
1000,getByIndex,11600
1000,addEnd,2200
1000,removeEnd,10600
1000,addAtIndex,499,31700
1000,getIndex,1711200
1000,removeAtIndex,499,23000
1000,addFront,10000
1000,removeFront,8400
1000,getByIndex,22800
1000,addEnd,2700
1000,removeEnd,8200
1000,addAtIndex,499,29300
1000,getIndex,3502000
1000,removeAtIndex,499,391400
1000,addFront,13100
1000,removeFront,10300
1000,getByIndex,10100
1000,addEnd,8500
1000,removeEnd,9100
1000,addAtIndex,499,64200
1000,getIndex,1467900
1000,removeAtIndex,499,35600
1000,addFront,8100
1000,removeFront,8500
1000,getByIndex,9100
1000,addEnd,3800
1000,removeEnd,7900
1000,addAtIndex,499,27800
1000,getIndex,1599100
1000,removeAtIndex,499,31600
1000,addFront,11900
1000,removeFront,17200
1000,getByIndex,10000
1000,addEnd,2800
1000,removeEnd,8300
1000,addAtIndex,499,31700
1000,getIndex,1558900
1000,removeAtIndex,499,34700
1000,addFront,10500
1000,removeFront,9000
1000,getByIndex,10300
1000,addEnd,2400
1000,removeEnd,8200
1000,addAtIndex,499,37600
1000,getIndex,1458800
1000,removeAtIndex,499,30600
1000,addFront,9200
1000,removeFront,9600
1000,getByIndex,7100
1000,addEnd,2400
1000,removeEnd,9400
1000,addAtIndex,499,31200
1000,getIndex,1449500
1000,removeAtIndex,499,69900
1000,addFront,103000
1000,removeFront,7300
1000,getByIndex,14200
1000,addEnd,2600
1000,removeEnd,9300
1000,addAtIndex,499,35000
1000,getIndex,1487000
1000,removeAtIndex,499,42500
1000,addFront,9000
1000,removeFront,8500
1000,getByIndex,7300
1000,addEnd,3900
1000,removeEnd,16500
1000,addAtIndex,499,26700
1000,getIndex,1444900
1000,removeAtIndex,499,39600
1000,addFront,9300
1000,removeFront,9200
1000,getByIndex,17900
1000,addEnd,3900
1000,removeEnd,8400
1000,addAtIndex,499,31200
1000,getIndex,1999100
1000,removeAtIndex,499,39100
1000,addFront,15000
1000,removeFront,9600
1000,getByIndex,4900
1000,addEnd,1900
1000,removeEnd,10600
1000,addAtIndex,499,64200
1000,getIndex,1337500
1000,removeAtIndex,499,39300
1000,addFront,9700
1000,removeFront,10000
1000,getByIndex,6400
1000,addEnd,3700
1000,removeEnd,8800
1000,addAtIndex,499,41500
1000,getIndex,2010500
1000,removeAtIndex,499,36800
1000,addFront,17100
1000,removeFront,9900
1000,getByIndex,5500
1000,addEnd,2500
1000,removeEnd,15800
1000,addAtIndex,499,28900
1000,getIndex,1600100
1000,removeAtIndex,499,47800
1000,addFront,8700
1000,removeFront,9000
1000,getByIndex,6900
1000,addEnd,2400
1000,removeEnd,7400
1000,addAtIndex,499,39400
1000,getIndex,1326800
1000,removeAtIndex,499,32000
1000,addFront,43400
1000,removeFront,62900
1000,getByIndex,13900
1000,addEnd,2500
1000,removeEnd,44500
1000,addAtIndex,499,37000
1000,getIndex,1636600
1000,removeAtIndex,499,31800
1000,addFront,9600
1000,removeFront,9900
1000,getByIndex,7700
1000,addEnd,2500
1000,removeEnd,8000
1000,addAtIndex,499,38500
1000,getIndex,1282100
1000,removeAtIndex,499,37700
1000,addFront,11600
1000,removeFront,9700
1000,getByIndex,12000
1000,addEnd,4000
1000,removeEnd,7100
1000,addAtIndex,499,29200
1000,getIndex,2670500
1000,removeAtIndex,499,81800
1000,addFront,10700
1000,removeFront,9300
1000,getByIndex,30000
1000,addEnd,30400
1000,removeEnd,10000
1000,addAtIndex,499,31700
1000,getIndex,1411200
1000,removeAtIndex,499,31100
1000,addFront,8200
1000,removeFront,9300
1000,getByIndex,15300
1000,addEnd,2700
1000,removeEnd,9500
1000,addAtIndex,499,32400
1000,getIndex,1669600
1000,removeAtIndex,499,30500
1000,addFront,25800
1000,removeFront,9100
1000,getByIndex,12700
1000,addEnd,2700
1000,removeEnd,19700
1000,addAtIndex,499,41200
1000,getIndex,1655600
1000,removeAtIndex,499,28400
1000,addFront,12100
1000,removeFront,9700
1000,getByIndex,6200
1000,addEnd,2200
1000,removeEnd,12100
1000,addAtIndex,499,28100
1000,getIndex,2187500
1000,removeAtIndex,499,32100
1000,addFront,9900
1000,removeFront,12200
1000,getByIndex,8900
1000,addEnd,2900
1000,removeEnd,9900
1000,addAtIndex,499,29500
1000,getIndex,1505400
1000,removeAtIndex,499,37200
1000,addFront,19100
1000,removeFront,11600
1000,getByIndex,9500
1000,addEnd,2800
1000,removeEnd,35600
1000,addAtIndex,499,30900
1000,getIndex,2365400
1000,removeAtIndex,499,24900
1000,addFront,12800
1000,removeFront,8400
2000,getByIndex,5600
2000,addEnd,1500
2000,removeEnd,8000
2000,addAtIndex,999,48800
2000,getIndex,1249400
2000,removeAtIndex,999,48100
2000,addFront,8400
2000,removeFront,7900
2000,getByIndex,22000
2000,addEnd,2100
2000,removeEnd,8600
2000,addAtIndex,999,67900
2000,getIndex,1251000
2000,removeAtIndex,999,61900
2000,addFront,17000
2000,removeFront,8300
2000,getByIndex,12000
2000,addEnd,1900
2000,removeEnd,7500
2000,addAtIndex,999,70800
2000,getIndex,1233800
2000,removeAtIndex,999,59900
2000,addFront,8800
2000,removeFront,7400
2000,getByIndex,16400
2000,addEnd,5000
2000,removeEnd,9100
2000,addAtIndex,999,60400
2000,getIndex,1652500
2000,removeAtIndex,999,51200
2000,addFront,11500
2000,removeFront,8100
2000,getByIndex,24100
2000,addEnd,3100
2000,removeEnd,8500
2000,addAtIndex,999,43800
2000,getIndex,1572700
2000,removeAtIndex,999,56900
2000,addFront,10300
2000,removeFront,7600
2000,getByIndex,26500
2000,addEnd,6300
2000,removeEnd,8400
2000,addAtIndex,999,52000
2000,getIndex,1828800
2000,removeAtIndex,999,48200
2000,addFront,9200
2000,removeFront,7400
2000,getByIndex,7000
2000,addEnd,1900
2000,removeEnd,18800
2000,addAtIndex,999,36900
2000,getIndex,1276100
2000,removeAtIndex,999,44500
2000,addFront,7500
2000,removeFront,7700
2000,getByIndex,10200
2000,addEnd,2800
2000,removeEnd,8000
2000,addAtIndex,999,52100
2000,getIndex,1939400
2000,removeAtIndex,999,55700
2000,addFront,9800
2000,removeFront,9400
2000,getByIndex,16600
2000,addEnd,2300
2000,removeEnd,6800
2000,addAtIndex,999,54400
2000,getIndex,1455700
2000,removeAtIndex,999,54400
2000,addFront,9900
2000,removeFront,9600
2000,getByIndex,10300
2000,addEnd,2500
2000,removeEnd,6000
2000,addAtIndex,999,39500
2000,getIndex,1208000
2000,removeAtIndex,999,63400
2000,addFront,8000
2000,removeFront,10400
2000,getByIndex,23600
2000,addEnd,5900
2000,removeEnd,11100
2000,addAtIndex,999,65500
2000,getIndex,1315400
2000,removeAtIndex,999,55300
2000,addFront,14400
2000,removeFront,9200
2000,getByIndex,13200
2000,addEnd,1800
2000,removeEnd,8300
2000,addAtIndex,999,59500
2000,getIndex,1166200
2000,removeAtIndex,999,58600
2000,addFront,8400
2000,removeFront,22700
2000,getByIndex,32500
2000,addEnd,2000
2000,removeEnd,6600
2000,addAtIndex,999,49500
2000,getIndex,1760600
2000,removeAtIndex,999,43600
2000,addFront,11800
2000,removeFront,16600
2000,getByIndex,8300
2000,addEnd,2300
2000,removeEnd,20900
2000,addAtIndex,999,64600
2000,getIndex,1230100
2000,removeAtIndex,999,88800
2000,addFront,10200
2000,removeFront,9300
2000,getByIndex,17300
2000,addEnd,2500
2000,removeEnd,22100
2000,addAtIndex,999,54300
2000,getIndex,1350300
2000,removeAtIndex,999,47300
2000,addFront,8200
2000,removeFront,9600
2000,getByIndex,35700
2000,addEnd,2900
2000,removeEnd,9900
2000,addAtIndex,999,41900
2000,getIndex,1600800
2000,removeAtIndex,999,87000
2000,addFront,10000
2000,removeFront,8400
2000,getByIndex,9200
2000,addEnd,2800
2000,removeEnd,79300
2000,addAtIndex,999,53200
2000,getIndex,1251100
2000,removeAtIndex,999,53100
2000,addFront,16300
2000,removeFront,8300
2000,getByIndex,21700
2000,addEnd,2400
2000,removeEnd,9000
2000,addAtIndex,999,61300
2000,getIndex,1712100
2000,removeAtIndex,999,54100
2000,addFront,9200
2000,removeFront,7400
2000,getByIndex,10100
2000,addEnd,2300
2000,removeEnd,10400
2000,addAtIndex,999,49100
2000,getIndex,1300700
2000,removeAtIndex,999,50800
2000,addFront,10900
2000,removeFront,9900
2000,getByIndex,35900
2000,addEnd,2800
2000,removeEnd,25500
2000,addAtIndex,999,51500
2000,getIndex,1354900
2000,removeAtIndex,999,50300
2000,addFront,18000
2000,removeFront,7800
2000,getByIndex,14400
2000,addEnd,2300
2000,removeEnd,9300
2000,addAtIndex,999,57200
2000,getIndex,1524500
2000,removeAtIndex,999,57300
2000,addFront,58300
2000,removeFront,9400
2000,getByIndex,19900
2000,addEnd,2400
2000,removeEnd,11000
2000,addAtIndex,999,48500
2000,getIndex,1955300
2000,removeAtIndex,999,50900
2000,addFront,9700
2000,removeFront,27700
2000,getByIndex,28600
2000,addEnd,2200
2000,removeEnd,12300
2000,addAtIndex,999,52000
2000,getIndex,1211900
2000,removeAtIndex,999,54800
2000,addFront,9200
2000,removeFront,7800
2000,getByIndex,35600
2000,addEnd,2800
2000,removeEnd,9500
2000,addAtIndex,999,61200
2000,getIndex,1522700
2000,removeAtIndex,999,62600
2000,addFront,11700
2000,removeFront,8100
2000,getByIndex,17000
2000,addEnd,2700
2000,removeEnd,9800
2000,addAtIndex,999,72400
2000,getIndex,1444000
2000,removeAtIndex,999,57100
2000,addFront,7200
2000,removeFront,8600
2000,getByIndex,10700
2000,addEnd,2800
2000,removeEnd,8600
2000,addAtIndex,999,100200
2000,getIndex,1506500
2000,removeAtIndex,999,68700
2000,addFront,19100
2000,removeFront,10700
2000,getByIndex,18100
2000,addEnd,2600
2000,removeEnd,9600
2000,addAtIndex,999,57600
2000,getIndex,1461200
2000,removeAtIndex,999,59900
2000,addFront,10100
2000,removeFront,10200
2000,getByIndex,14200
2000,addEnd,2200
2000,removeEnd,10400
2000,addAtIndex,999,55100
2000,getIndex,1440200
2000,removeAtIndex,999,53500
2000,addFront,10400
2000,removeFront,9100
2000,getByIndex,51700
2000,addEnd,3400
2000,removeEnd,8300
2000,addAtIndex,999,58500
2000,getIndex,1883300
2000,removeAtIndex,999,57300
2000,addFront,8200
2000,removeFront,10300
2000,getByIndex,9400
2000,addEnd,2700
2000,removeEnd,9800
2000,addAtIndex,999,53800
2000,getIndex,1373200
2000,removeAtIndex,999,74500
2000,addFront,9100
2000,removeFront,7400
2000,getByIndex,21500
2000,addEnd,2500
2000,removeEnd,8500
2000,addAtIndex,999,200300
2000,getIndex,1607100
2000,removeAtIndex,999,64500
2000,addFront,9000
2000,removeFront,8500
2000,getByIndex,25100
2000,addEnd,2400
2000,removeEnd,8300
2000,addAtIndex,999,82900
2000,getIndex,1471700
2000,removeAtIndex,999,101400
2000,addFront,9500
2000,removeFront,14700
2000,getByIndex,14400
2000,addEnd,2200
2000,removeEnd,8400
2000,addAtIndex,999,49300
2000,getIndex,1615300
2000,removeAtIndex,999,38400
2000,addFront,10400
2000,removeFront,8900
2000,getByIndex,33000
2000,addEnd,2500
2000,removeEnd,11300
2000,addAtIndex,999,143700
2000,getIndex,1325400
2000,removeAtIndex,999,66800
2000,addFront,10100
2000,removeFront,10200
2000,getByIndex,15600
2000,addEnd,4300
2000,removeEnd,11600
2000,addAtIndex,999,44500
2000,getIndex,1410400
2000,removeAtIndex,999,42000
2000,addFront,10500
2000,removeFront,17400
2000,getByIndex,31300
2000,addEnd,3000
2000,removeEnd,8900
2000,addAtIndex,999,52900
2000,getIndex,1485000
2000,removeAtIndex,999,62900
2000,addFront,11200
2000,removeFront,9100
2000,getByIndex,16100
2000,addEnd,4100
2000,removeEnd,13200
2000,addAtIndex,999,61700
2000,getIndex,1431900
2000,removeAtIndex,999,51900
2000,addFront,9100
2000,removeFront,9600
2000,getByIndex,12800
2000,addEnd,3000
2000,removeEnd,96100
2000,addAtIndex,999,97600
2000,getIndex,2600400
2000,removeAtIndex,999,54600
2000,addFront,11300
2000,removeFront,10400
2000,getByIndex,14800
2000,addEnd,2700
2000,removeEnd,8300
2000,addAtIndex,999,43300
2000,getIndex,1446900
2000,removeAtIndex,999,85000
2000,addFront,12300
2000,removeFront,7200
2000,getByIndex,27700
2000,addEnd,3000
2000,removeEnd,17800
2000,addAtIndex,999,45400
2000,getIndex,1554200
2000,removeAtIndex,999,191500
2000,addFront,11300
2000,removeFront,9000
2000,getByIndex,39000
2000,addEnd,2700
2000,removeEnd,8200
2000,addAtIndex,999,56900
2000,getIndex,1766800
2000,removeAtIndex,999,90300
2000,addFront,17000
2000,removeFront,8600
2000,getByIndex,15200
2000,addEnd,2400
2000,removeEnd,8700
2000,addAtIndex,999,51300
2000,getIndex,1505400
2000,removeAtIndex,999,65200
2000,addFront,11100
2000,removeFront,7700
2000,getByIndex,17300
2000,addEnd,2700
2000,removeEnd,36800
2000,addAtIndex,999,45700
2000,getIndex,1462200
2000,removeAtIndex,999,86200
2000,addFront,11400
2000,removeFront,26700
2000,getByIndex,29400
2000,addEnd,3200
2000,removeEnd,7900
2000,addAtIndex,999,69300
2000,getIndex,1745900
2000,removeAtIndex,999,72300
2000,addFront,12300
2000,removeFront,10300
2000,getByIndex,24900
2000,addEnd,2700
2000,removeEnd,8700
2000,addAtIndex,999,62500
2000,getIndex,1630000
2000,removeAtIndex,999,76200
2000,addFront,16400
2000,removeFront,10500
2000,getByIndex,22900
2000,addEnd,2600
2000,removeEnd,32000
2000,addAtIndex,999,41200
2000,getIndex,1270800
2000,removeAtIndex,999,54800
2000,addFront,12100
2000,removeFront,9300
2000,getByIndex,43900
2000,addEnd,2600
2000,removeEnd,8600
2000,addAtIndex,999,59000
2000,getIndex,1885900
2000,removeAtIndex,999,55900
2000,addFront,11000
2000,removeFront,9400
2000,getByIndex,17600
2000,addEnd,3700
2000,removeEnd,21300
2000,addAtIndex,999,41600
2000,getIndex,1319400
2000,removeAtIndex,999,79000
2000,addFront,18900
2000,removeFront,7200
2000,getByIndex,15400
2000,addEnd,2400
2000,removeEnd,7800
2000,addAtIndex,999,74800
2000,getIndex,2363400
2000,removeAtIndex,999,70300
2000,addFront,11000
2000,removeFront,10400
2000,getByIndex,10000
2000,addEnd,2300
2000,removeEnd,14500
2000,addAtIndex,999,77900
2000,getIndex,1366400
2000,removeAtIndex,999,54300
2000,addFront,15800
2000,removeFront,10900
2000,getByIndex,22900
2000,addEnd,2800
2000,removeEnd,6500
2000,addAtIndex,999,47500
2000,getIndex,1787300
2000,removeAtIndex,999,76400
2000,addFront,10100
2000,removeFront,21000
2000,getByIndex,9400
2000,addEnd,2600
2000,removeEnd,8800
2000,addAtIndex,999,59600
2000,getIndex,1923900
2000,removeAtIndex,999,64800
2000,addFront,8600
2000,removeFront,7900
2000,getByIndex,10800
2000,addEnd,2300
2000,removeEnd,7500
2000,addAtIndex,999,50800
2000,getIndex,1580300
2000,removeAtIndex,999,55800
2000,addFront,14300
2000,removeFront,22500
2000,getByIndex,24900
2000,addEnd,2900
2000,removeEnd,7400
2000,addAtIndex,999,68300
2000,getIndex,1274200
2000,removeAtIndex,999,75200
2000,addFront,10400
2000,removeFront,7500
2000,getByIndex,18200
2000,addEnd,2300
2000,removeEnd,20000
2000,addAtIndex,999,59300
2000,getIndex,1372600
2000,removeAtIndex,999,51600
2000,addFront,16800
2000,removeFront,7200
2000,getByIndex,28900
2000,addEnd,2700
2000,removeEnd,8300
2000,addAtIndex,999,212000
2000,getIndex,1670000
2000,removeAtIndex,999,71700
2000,addFront,12200
2000,removeFront,9000
2000,getByIndex,26900
2000,addEnd,4600
2000,removeEnd,8000
2000,addAtIndex,999,84500
2000,getIndex,1812000
2000,removeAtIndex,999,63000
2000,addFront,9700
2000,removeFront,9100
2000,getByIndex,16300
2000,addEnd,2500
2000,removeEnd,28600
2000,addAtIndex,999,56500
2000,getIndex,1937000
2000,removeAtIndex,999,81800
2000,addFront,13200
2000,removeFront,14300
2000,getByIndex,44100
2000,addEnd,2600
2000,removeEnd,11400
2000,addAtIndex,999,61600
2000,getIndex,1742500
2000,removeAtIndex,999,39400
2000,addFront,8200
2000,removeFront,7600
2000,getByIndex,12600
2000,addEnd,2300
2000,removeEnd,8800
2000,addAtIndex,999,54200
2000,getIndex,1346400
2000,removeAtIndex,999,54600
2000,addFront,9800
2000,removeFront,16300
2000,getByIndex,27300
2000,addEnd,2600
2000,removeEnd,11800
2000,addAtIndex,999,52900
2000,getIndex,2030100
2000,removeAtIndex,999,53800
2000,addFront,10200
2000,removeFront,10900
2000,getByIndex,9400
2000,addEnd,2600
2000,removeEnd,9700
2000,addAtIndex,999,59200
2000,getIndex,1521500
2000,removeAtIndex,999,51800
2000,addFront,19400
2000,removeFront,17200
2000,getByIndex,21900
2000,addEnd,3200
2000,removeEnd,7200
2000,addAtIndex,999,76000
2000,getIndex,1410600
2000,removeAtIndex,999,51400
2000,addFront,11100
2000,removeFront,8700
2000,getByIndex,26600
2000,addEnd,2900
2000,removeEnd,8200
2000,addAtIndex,999,72000
2000,getIndex,1490800
2000,removeAtIndex,999,68200
2000,addFront,10700
2000,removeFront,12400
2000,getByIndex,15000
2000,addEnd,5400
2000,removeEnd,7900
2000,addAtIndex,999,67600
2000,getIndex,1350400
2000,removeAtIndex,999,44600
2000,addFront,9200
2000,removeFront,10400
2000,getByIndex,33600
2000,addEnd,3800
2000,removeEnd,8000
2000,addAtIndex,999,64900
2000,getIndex,1712800
2000,removeAtIndex,999,122700
2000,addFront,15400
2000,removeFront,7400
2000,getByIndex,34200
2000,addEnd,3200
2000,removeEnd,7800
2000,addAtIndex,999,51800
2000,getIndex,1431900
2000,removeAtIndex,999,47200
2000,addFront,10200
2000,removeFront,9000
2000,getByIndex,9800
2000,addEnd,3000
2000,removeEnd,17600
2000,addAtIndex,999,57700
2000,getIndex,1320100
2000,removeAtIndex,999,67400
2000,addFront,15300
2000,removeFront,19000
2000,getByIndex,12400
2000,addEnd,2000
2000,removeEnd,11500
2000,addAtIndex,999,51600
2000,getIndex,1691600
2000,removeAtIndex,999,52500
2000,addFront,12100
2000,removeFront,7600
2000,getByIndex,14300
2000,addEnd,3300
2000,removeEnd,9800
2000,addAtIndex,999,53700
2000,getIndex,1758400
2000,removeAtIndex,999,51500
2000,addFront,9500
2000,removeFront,9400
2000,getByIndex,20200
2000,addEnd,3000
2000,removeEnd,18600
2000,addAtIndex,999,61100
2000,getIndex,1449100
2000,removeAtIndex,999,58800
2000,addFront,9400
2000,removeFront,8000
2000,getByIndex,24800
2000,addEnd,6300
2000,removeEnd,6800
2000,addAtIndex,999,64600
2000,getIndex,1469500
2000,removeAtIndex,999,49900
2000,addFront,11000
2000,removeFront,14500
2000,getByIndex,44500
2000,addEnd,3300
2000,removeEnd,9400
2000,addAtIndex,999,65700
2000,getIndex,1424500
2000,removeAtIndex,999,91300
2000,addFront,12300
2000,removeFront,9100
2000,getByIndex,25700
2000,addEnd,2700
2000,removeEnd,8400
2000,addAtIndex,999,61600
2000,getIndex,1405200
2000,removeAtIndex,999,58500
2000,addFront,9800
2000,removeFront,14000
2000,getByIndex,18200
2000,addEnd,2200
2000,removeEnd,6600
2000,addAtIndex,999,53500
2000,getIndex,1201800
2000,removeAtIndex,999,69900
2000,addFront,9800
2000,removeFront,6700
2000,getByIndex,21000
2000,addEnd,3300
2000,removeEnd,10500
2000,addAtIndex,999,60100
2000,getIndex,1340000
2000,removeAtIndex,999,183800
2000,addFront,10900
2000,removeFront,9900
2000,getByIndex,15900
2000,addEnd,2600
2000,removeEnd,7000
2000,addAtIndex,999,87700
2000,getIndex,1642700
2000,removeAtIndex,999,38200
2000,addFront,9600
2000,removeFront,9600
2000,getByIndex,18400
2000,addEnd,2300
2000,removeEnd,10300
2000,addAtIndex,999,51800
2000,getIndex,2061900
2000,removeAtIndex,999,70800
2000,addFront,12000
2000,removeFront,10100
2000,getByIndex,12700
2000,addEnd,2500
2000,removeEnd,8100
2000,addAtIndex,999,60800
2000,getIndex,1456800
2000,removeAtIndex,999,45000
2000,addFront,8900
2000,removeFront,6700
2000,getByIndex,12100
2000,addEnd,2400
2000,removeEnd,11700
2000,addAtIndex,999,55400
2000,getIndex,1814000
2000,removeAtIndex,999,55100
2000,addFront,9800
2000,removeFront,11000
2000,getByIndex,9800
2000,addEnd,2000
2000,removeEnd,10700
2000,addAtIndex,999,67900
2000,getIndex,1518900
2000,removeAtIndex,999,56800
2000,addFront,11000
2000,removeFront,8600
2000,getByIndex,29500
2000,addEnd,2900
2000,removeEnd,7500
2000,addAtIndex,999,75200
2000,getIndex,1710100
2000,removeAtIndex,999,56100
2000,addFront,8500
2000,removeFront,7300
2000,getByIndex,22500
2000,addEnd,4200
2000,removeEnd,13900
2000,addAtIndex,999,52300
2000,getIndex,1358500
2000,removeAtIndex,999,38900
2000,addFront,10100
2000,removeFront,52100
2000,getByIndex,14700
2000,addEnd,2000
2000,removeEnd,46700
2000,addAtIndex,999,61300
2000,getIndex,1596900
2000,removeAtIndex,999,44300
2000,addFront,10300
2000,removeFront,8900
2000,getByIndex,40000
2000,addEnd,2900
2000,removeEnd,11600
2000,addAtIndex,999,77400
2000,getIndex,1645700
2000,removeAtIndex,999,44200
2000,addFront,19800
2000,removeFront,8400
2000,getByIndex,20000
2000,addEnd,2600
2000,removeEnd,8600
2000,addAtIndex,999,49000
2000,getIndex,1432600
2000,removeAtIndex,999,45000
2000,addFront,16900
2000,removeFront,8400
2000,getByIndex,36100
2000,addEnd,2800
2000,removeEnd,8000
2000,addAtIndex,999,45800
2000,getIndex,1647800
2000,removeAtIndex,999,57400
2000,addFront,16800
2000,removeFront,9000
2000,getByIndex,12500
2000,addEnd,2100
2000,removeEnd,10700
2000,addAtIndex,999,69400
2000,getIndex,1499800
2000,removeAtIndex,999,110200
2000,addFront,8700
2000,removeFront,7400
2000,getByIndex,31600
2000,addEnd,5800
2000,removeEnd,16600
2000,addAtIndex,999,61000
2000,getIndex,4584900
2000,removeAtIndex,999,58800
2000,addFront,24200
2000,removeFront,9500
2000,getByIndex,26800
2000,addEnd,2800
2000,removeEnd,9800
2000,addAtIndex,999,56100
2000,getIndex,1522600
2000,removeAtIndex,999,65000
2000,addFront,9600
2000,removeFront,8700
2000,getByIndex,17300
2000,addEnd,2600
2000,removeEnd,9500
2000,addAtIndex,999,60400
2000,getIndex,1738900
2000,removeAtIndex,999,55400
2000,addFront,30000
2000,removeFront,7300
2000,getByIndex,31800
2000,addEnd,2800
2000,removeEnd,147900
2000,addAtIndex,999,46400
2000,getIndex,1806800
2000,removeAtIndex,999,52600
2000,addFront,8500
2000,removeFront,17800
2000,getByIndex,18100
2000,addEnd,2400
2000,removeEnd,10000
2000,addAtIndex,999,50300
2000,getIndex,1409000
2000,removeAtIndex,999,66700
2000,addFront,31400
2000,removeFront,19800
2000,getByIndex,27100
2000,addEnd,4300
2000,removeEnd,7300
2000,addAtIndex,999,45600
2000,getIndex,1383000
2000,removeAtIndex,999,45800
2000,addFront,9700
2000,removeFront,24400
2000,getByIndex,21400
2000,addEnd,2700
2000,removeEnd,9000
2000,addAtIndex,999,88500
2000,getIndex,1492500
2000,removeAtIndex,999,85900
2000,addFront,19900
2000,removeFront,10000
2000,getByIndex,19700
2000,addEnd,3300
2000,removeEnd,10000
2000,addAtIndex,999,79300
2000,getIndex,1549800
2000,removeAtIndex,999,48000
2000,addFront,9700
2000,removeFront,8900
2000,getByIndex,11200
2000,addEnd,2800
2000,removeEnd,10700
2000,addAtIndex,999,88600
2000,getIndex,1656600
2000,removeAtIndex,999,56200
2000,addFront,8500
2000,removeFront,10600
2000,getByIndex,19000
2000,addEnd,2700
2000,removeEnd,13300
2000,addAtIndex,999,86500
2000,getIndex,1642300
2000,removeAtIndex,999,55700
2000,addFront,10900
2000,removeFront,10700
2000,getByIndex,17700
2000,addEnd,2800
2000,removeEnd,10500
2000,addAtIndex,999,78800
2000,getIndex,1982400
2000,removeAtIndex,999,61100
2000,addFront,9800
2000,removeFront,10500
2000,getByIndex,9100
2000,addEnd,4100
2000,removeEnd,16800
2000,addAtIndex,999,49900
2000,getIndex,1473500
2000,removeAtIndex,999,96500
2000,addFront,15300
2000,removeFront,7900
5000,getByIndex,38600
5000,addEnd,2600
5000,removeEnd,10300
5000,addAtIndex,2499,93500
5000,getIndex,1351200
5000,removeAtIndex,2499,105700
5000,addFront,9200
5000,removeFront,8200
5000,getByIndex,34700
5000,addEnd,4100
5000,removeEnd,10600
5000,addAtIndex,2499,90000
5000,getIndex,1341500
5000,removeAtIndex,2499,109000
5000,addFront,28000
5000,removeFront,6100
5000,getByIndex,56200
5000,addEnd,2100
5000,removeEnd,23100
5000,addAtIndex,2499,144600
5000,getIndex,1350300
5000,removeAtIndex,2499,248600
5000,addFront,9200
5000,removeFront,12600
5000,getByIndex,40700
5000,addEnd,4600
5000,removeEnd,11600
5000,addAtIndex,2499,110400
5000,getIndex,1437900
5000,removeAtIndex,2499,119500
5000,addFront,11100
5000,removeFront,9700
5000,getByIndex,44700
5000,addEnd,2500
5000,removeEnd,6700
5000,addAtIndex,2499,110100
5000,getIndex,1349000
5000,removeAtIndex,2499,128900
5000,addFront,8400
5000,removeFront,15200
5000,getByIndex,60800
5000,addEnd,1800
5000,removeEnd,10500
5000,addAtIndex,2499,178500
5000,getIndex,1727300
5000,removeAtIndex,2499,134800
5000,addFront,9300
5000,removeFront,9600
5000,getByIndex,59800
5000,addEnd,2000
5000,removeEnd,6900
5000,addAtIndex,2499,130200
5000,getIndex,1798900
5000,removeAtIndex,2499,103900
5000,addFront,9700
5000,removeFront,17200
5000,getByIndex,49400
5000,addEnd,3200
5000,removeEnd,7900
5000,addAtIndex,2499,95500
5000,getIndex,1344900
5000,removeAtIndex,2499,104000
5000,addFront,24000
5000,removeFront,7500
5000,getByIndex,76900
5000,addEnd,2900
5000,removeEnd,7100
5000,addAtIndex,2499,96600
5000,getIndex,1833700
5000,removeAtIndex,2499,134400
5000,addFront,8900
5000,removeFront,8100
5000,getByIndex,61200
5000,addEnd,2700
5000,removeEnd,8500
5000,addAtIndex,2499,112100
5000,getIndex,1331200
5000,removeAtIndex,2499,116700
5000,addFront,8900
5000,removeFront,10100
5000,getByIndex,56500
5000,addEnd,3500
5000,removeEnd,11800
5000,addAtIndex,2499,79600
5000,getIndex,1346600
5000,removeAtIndex,2499,90800
5000,addFront,9000
5000,removeFront,10100
5000,getByIndex,46400
5000,addEnd,3300
5000,removeEnd,9400
5000,addAtIndex,2499,110600
5000,getIndex,1466000
5000,removeAtIndex,2499,136900
5000,addFront,9600
5000,removeFront,9500
5000,getByIndex,48500
5000,addEnd,2900
5000,removeEnd,8700
5000,addAtIndex,2499,101800
5000,getIndex,1570600
5000,removeAtIndex,2499,94200
5000,addFront,10100
5000,removeFront,8200
5000,getByIndex,60900
5000,addEnd,3300
5000,removeEnd,10300
5000,addAtIndex,2499,141500
5000,getIndex,1737300
5000,removeAtIndex,2499,82400
5000,addFront,9900
5000,removeFront,17600
5000,getByIndex,42900
5000,addEnd,4100
5000,removeEnd,9300
5000,addAtIndex,2499,110500
5000,getIndex,1737300
5000,removeAtIndex,2499,123400
5000,addFront,26800
5000,removeFront,8300
5000,getByIndex,82400
5000,addEnd,2400
5000,removeEnd,23300
5000,addAtIndex,2499,88100
5000,getIndex,1363400
5000,removeAtIndex,2499,111600
5000,addFront,242100
5000,removeFront,9700
5000,getByIndex,54900
5000,addEnd,2600
5000,removeEnd,8700
5000,addAtIndex,2499,128300
5000,getIndex,1450800
5000,removeAtIndex,2499,120400
5000,addFront,10900
5000,removeFront,11500
5000,getByIndex,52700
5000,addEnd,2500
5000,removeEnd,7700
5000,addAtIndex,2499,95000
5000,getIndex,1544800
5000,removeAtIndex,2499,297400
5000,addFront,11800
5000,removeFront,6900
5000,getByIndex,45000
5000,addEnd,4400
5000,removeEnd,15100
5000,addAtIndex,2499,109200
5000,getIndex,1625200
5000,removeAtIndex,2499,118200
5000,addFront,9600
5000,removeFront,31200
5000,getByIndex,40700
5000,addEnd,4400
5000,removeEnd,9000
5000,addAtIndex,2499,105500
5000,getIndex,2126100
5000,removeAtIndex,2499,87200
5000,addFront,9400
5000,removeFront,18400
5000,getByIndex,49100
5000,addEnd,3000
5000,removeEnd,8900
5000,addAtIndex,2499,95400
5000,getIndex,1371300
5000,removeAtIndex,2499,116800
5000,addFront,9000
5000,removeFront,7800
5000,getByIndex,55100
5000,addEnd,2600
5000,removeEnd,9500
5000,addAtIndex,2499,121500
5000,getIndex,1961500
5000,removeAtIndex,2499,154300
5000,addFront,13400
5000,removeFront,20100
5000,getByIndex,59800
5000,addEnd,2800
5000,removeEnd,12500
5000,addAtIndex,2499,129400
5000,getIndex,3145800
5000,removeAtIndex,2499,74000
5000,addFront,8400
5000,removeFront,9300
5000,getByIndex,62800
5000,addEnd,4800
5000,removeEnd,8200
5000,addAtIndex,2499,92200
5000,getIndex,1857800
5000,removeAtIndex,2499,98600
5000,addFront,13400
5000,removeFront,9300
5000,getByIndex,72900
5000,addEnd,3800
5000,removeEnd,17500
5000,addAtIndex,2499,126500
5000,getIndex,1487600
5000,removeAtIndex,2499,96100
5000,addFront,11000
5000,removeFront,7900
5000,getByIndex,33700
5000,addEnd,2600
5000,removeEnd,19500
5000,addAtIndex,2499,145600
5000,getIndex,1399800
5000,removeAtIndex,2499,110400
5000,addFront,9800
5000,removeFront,10100
5000,getByIndex,63200
5000,addEnd,1900
5000,removeEnd,48900
5000,addAtIndex,2499,110800
5000,getIndex,1414000
5000,removeAtIndex,2499,97100
5000,addFront,10600
5000,removeFront,34100
5000,getByIndex,44600
5000,addEnd,2700
5000,removeEnd,20000
5000,addAtIndex,2499,83600
5000,getIndex,1383200
5000,removeAtIndex,2499,73800
5000,addFront,10400
5000,removeFront,8400
5000,getByIndex,63400
5000,addEnd,2600
5000,removeEnd,9100
5000,addAtIndex,2499,109000
5000,getIndex,1439400
5000,removeAtIndex,2499,96700
5000,addFront,12800
5000,removeFront,8900
5000,getByIndex,94400
5000,addEnd,3900
5000,removeEnd,9600
5000,addAtIndex,2499,89300
5000,getIndex,1340600
5000,removeAtIndex,2499,79800
5000,addFront,15900
5000,removeFront,8800
5000,getByIndex,52700
5000,addEnd,3400
5000,removeEnd,7400
5000,addAtIndex,2499,86200
5000,getIndex,2141500
5000,removeAtIndex,2499,123800
5000,addFront,11000
5000,removeFront,9300
5000,getByIndex,78700
5000,addEnd,4700
5000,removeEnd,8800
5000,addAtIndex,2499,113600
5000,getIndex,1731500
5000,removeAtIndex,2499,101600
5000,addFront,10800
5000,removeFront,16700
5000,getByIndex,63400
5000,addEnd,2700
5000,removeEnd,8100
5000,addAtIndex,2499,105600
5000,getIndex,1698400
5000,removeAtIndex,2499,102100
5000,addFront,10600
5000,removeFront,11800
5000,getByIndex,60900
5000,addEnd,2400
5000,removeEnd,8500
5000,addAtIndex,2499,149400
5000,getIndex,1760200
5000,removeAtIndex,2499,107000
5000,addFront,11100
5000,removeFront,17400
5000,getByIndex,50800
5000,addEnd,1900
5000,removeEnd,9000
5000,addAtIndex,2499,105700
5000,getIndex,1361600
5000,removeAtIndex,2499,200800
5000,addFront,12600
5000,removeFront,8000
5000,getByIndex,48700
5000,addEnd,1900
5000,removeEnd,14200
5000,addAtIndex,2499,125600
5000,getIndex,1466500
5000,removeAtIndex,2499,90700
5000,addFront,12300
5000,removeFront,36600
5000,getByIndex,59700
5000,addEnd,2700
5000,removeEnd,10300
5000,addAtIndex,2499,90300
5000,getIndex,1393200
5000,removeAtIndex,2499,99400
5000,addFront,10300
5000,removeFront,8400
5000,getByIndex,61800
5000,addEnd,2100
5000,removeEnd,8100
5000,addAtIndex,2499,102900
5000,getIndex,2215200
5000,removeAtIndex,2499,118900
5000,addFront,11000
5000,removeFront,8300
5000,getByIndex,33500
5000,addEnd,2500
5000,removeEnd,8400
5000,addAtIndex,2499,151300
5000,getIndex,1481500
5000,removeAtIndex,2499,144200
5000,addFront,9000
5000,removeFront,17400
5000,getByIndex,58300
5000,addEnd,3400
5000,removeEnd,7700
5000,addAtIndex,2499,82700
5000,getIndex,1631000
5000,removeAtIndex,2499,161300
5000,addFront,25700
5000,removeFront,8800
5000,getByIndex,59900
5000,addEnd,2600
5000,removeEnd,8200
5000,addAtIndex,2499,112800
5000,getIndex,1538400
5000,removeAtIndex,2499,89800
5000,addFront,9200
5000,removeFront,8500
5000,getByIndex,37800
5000,addEnd,2900
5000,removeEnd,16100
5000,addAtIndex,2499,150700
5000,getIndex,1602700
5000,removeAtIndex,2499,251200
5000,addFront,8900
5000,removeFront,8400
5000,getByIndex,67200
5000,addEnd,2800
5000,removeEnd,8600
5000,addAtIndex,2499,100900
5000,getIndex,1513500
5000,removeAtIndex,2499,103300
5000,addFront,11600
5000,removeFront,11000
5000,getByIndex,36000
5000,addEnd,2000
5000,removeEnd,8300
5000,addAtIndex,2499,113500
5000,getIndex,1707900
5000,removeAtIndex,2499,157900
5000,addFront,65800
5000,removeFront,8000
5000,getByIndex,51700
5000,addEnd,1900
5000,removeEnd,10300
5000,addAtIndex,2499,114900
5000,getIndex,1818800
5000,removeAtIndex,2499,79500
5000,addFront,10900
5000,removeFront,13000
5000,getByIndex,62000
5000,addEnd,3200
5000,removeEnd,9600
5000,addAtIndex,2499,118700
5000,getIndex,1683200
5000,removeAtIndex,2499,94100
5000,addFront,20000
5000,removeFront,19600
5000,getByIndex,42100
5000,addEnd,2500
5000,removeEnd,8700
5000,addAtIndex,2499,107700
5000,getIndex,1370000
5000,removeAtIndex,2499,104500
5000,addFront,15100
5000,removeFront,23400
5000,getByIndex,40200
5000,addEnd,2500
5000,removeEnd,7600
5000,addAtIndex,2499,267000
5000,getIndex,1853300
5000,removeAtIndex,2499,112000
5000,addFront,10400
5000,removeFront,10000
5000,getByIndex,41700
5000,addEnd,2000
5000,removeEnd,10900
5000,addAtIndex,2499,122900
5000,getIndex,1984300
5000,removeAtIndex,2499,94800
5000,addFront,24400
5000,removeFront,18700
5000,getByIndex,47300
5000,addEnd,2400
5000,removeEnd,9100
5000,addAtIndex,2499,76800
5000,getIndex,1538000
5000,removeAtIndex,2499,81100
5000,addFront,11100
5000,removeFront,12500
5000,getByIndex,69700
5000,addEnd,2700
5000,removeEnd,8400
5000,addAtIndex,2499,108900
5000,getIndex,1537900
5000,removeAtIndex,2499,141800
5000,addFront,9200
5000,removeFront,7600
5000,getByIndex,70400
5000,addEnd,2900
5000,removeEnd,8200
5000,addAtIndex,2499,92600
5000,getIndex,1341900
5000,removeAtIndex,2499,93800
5000,addFront,9600
5000,removeFront,10100
5000,getByIndex,31800
5000,addEnd,2500
5000,removeEnd,33900
5000,addAtIndex,2499,90600
5000,getIndex,2005400
5000,removeAtIndex,2499,95700
5000,addFront,8200
5000,removeFront,9400
5000,getByIndex,62100
5000,addEnd,4400
5000,removeEnd,7700
5000,addAtIndex,2499,95600
5000,getIndex,1770700
5000,removeAtIndex,2499,149900
5000,addFront,25700
5000,removeFront,8300
5000,getByIndex,37200
5000,addEnd,2000
5000,removeEnd,23100
5000,addAtIndex,2499,115500
5000,getIndex,2886900
5000,removeAtIndex,2499,113800
5000,addFront,12800
5000,removeFront,10500
5000,getByIndex,57100
5000,addEnd,2400
5000,removeEnd,9900
5000,addAtIndex,2499,175800
5000,getIndex,1745300
5000,removeAtIndex,2499,85500
5000,addFront,11300
5000,removeFront,8100
5000,getByIndex,48400
5000,addEnd,2600
5000,removeEnd,9100
5000,addAtIndex,2499,117100
5000,getIndex,1550900
5000,removeAtIndex,2499,149500
5000,addFront,9100
5000,removeFront,8600
5000,getByIndex,55000
5000,addEnd,1900
5000,removeEnd,8400
5000,addAtIndex,2499,154500
5000,getIndex,1649000
5000,removeAtIndex,2499,95300
5000,addFront,15200
5000,removeFront,18900
5000,getByIndex,73200
5000,addEnd,3000
5000,removeEnd,8800
5000,addAtIndex,2499,98100
5000,getIndex,1967700
5000,removeAtIndex,2499,94600
5000,addFront,10200
5000,removeFront,11000
5000,getByIndex,50600
5000,addEnd,2200
5000,removeEnd,9700
5000,addAtIndex,2499,106800
5000,getIndex,1410100
5000,removeAtIndex,2499,186100
5000,addFront,10900
5000,removeFront,9700
5000,getByIndex,75500
5000,addEnd,3800
5000,removeEnd,7900
5000,addAtIndex,2499,151300
5000,getIndex,1394500
5000,removeAtIndex,2499,102000
5000,addFront,10000
5000,removeFront,15300
5000,getByIndex,45800
5000,addEnd,2900
5000,removeEnd,11000
5000,addAtIndex,2499,104500
5000,getIndex,1444300
5000,removeAtIndex,2499,98600
5000,addFront,14200
5000,removeFront,16900
5000,getByIndex,59800
5000,addEnd,3600
5000,removeEnd,7800
5000,addAtIndex,2499,101600
5000,getIndex,1576500
5000,removeAtIndex,2499,85400
5000,addFront,11000
5000,removeFront,9900
5000,getByIndex,46300
5000,addEnd,2400
5000,removeEnd,8600
5000,addAtIndex,2499,87900
5000,getIndex,1412900
5000,removeAtIndex,2499,95200
5000,addFront,12000
5000,removeFront,9300
5000,getByIndex,48300
5000,addEnd,2100
5000,removeEnd,11100
5000,addAtIndex,2499,88700
5000,getIndex,1496000
5000,removeAtIndex,2499,99900
5000,addFront,9500
5000,removeFront,9500
5000,getByIndex,63100
5000,addEnd,2700
5000,removeEnd,11500
5000,addAtIndex,2499,215200
5000,getIndex,1559600
5000,removeAtIndex,2499,159500
5000,addFront,56500
5000,removeFront,8400
5000,getByIndex,48300
5000,addEnd,1900
5000,removeEnd,9400
5000,addAtIndex,2499,159300
5000,getIndex,1546100
5000,removeAtIndex,2499,81600
5000,addFront,10900
5000,removeFront,8900
5000,getByIndex,67000
5000,addEnd,2500
5000,removeEnd,16800
5000,addAtIndex,2499,108400
5000,getIndex,1521400
5000,removeAtIndex,2499,146400
5000,addFront,13500
5000,removeFront,9100
5000,getByIndex,44600
5000,addEnd,2500
5000,removeEnd,10400
5000,addAtIndex,2499,220600
5000,getIndex,1357600
5000,removeAtIndex,2499,131200
5000,addFront,23200
5000,removeFront,11500
5000,getByIndex,62100
5000,addEnd,2000
5000,removeEnd,11500
5000,addAtIndex,2499,104700
5000,getIndex,1432600
5000,removeAtIndex,2499,104100
5000,addFront,8400
5000,removeFront,17900
5000,getByIndex,64200
5000,addEnd,2900
5000,removeEnd,7100
5000,addAtIndex,2499,100800
5000,getIndex,1880400
5000,removeAtIndex,2499,132300
5000,addFront,12300
5000,removeFront,11500
5000,getByIndex,48600
5000,addEnd,4800
5000,removeEnd,41200
5000,addAtIndex,2499,104600
5000,getIndex,1761700
5000,removeAtIndex,2499,111200
5000,addFront,9400
5000,removeFront,7700
5000,getByIndex,63400
5000,addEnd,2500
5000,removeEnd,8100
5000,addAtIndex,2499,149100
5000,getIndex,1822300
5000,removeAtIndex,2499,120300
5000,addFront,17700
5000,removeFront,8800
5000,getByIndex,61600
5000,addEnd,5500
5000,removeEnd,10500
5000,addAtIndex,2499,114400
5000,getIndex,1523600
5000,removeAtIndex,2499,109400
5000,addFront,9700
5000,removeFront,16800
5000,getByIndex,75300
5000,addEnd,2100
5000,removeEnd,8200
5000,addAtIndex,2499,124500
5000,getIndex,1911300
5000,removeAtIndex,2499,115700
5000,addFront,18600
5000,removeFront,8400
5000,getByIndex,42700
5000,addEnd,2700
5000,removeEnd,32900
5000,addAtIndex,2499,107100
5000,getIndex,1464100
5000,removeAtIndex,2499,75400
5000,addFront,10100
5000,removeFront,9000
5000,getByIndex,63900
5000,addEnd,2400
5000,removeEnd,8300
5000,addAtIndex,2499,127700
5000,getIndex,5582000
5000,removeAtIndex,2499,87100
5000,addFront,11200
5000,removeFront,10300
5000,getByIndex,88000
5000,addEnd,3200
5000,removeEnd,8500
5000,addAtIndex,2499,99000
5000,getIndex,1693900
5000,removeAtIndex,2499,126800
5000,addFront,9200
5000,removeFront,8600
5000,getByIndex,50200
5000,addEnd,2200
5000,removeEnd,7500
5000,addAtIndex,2499,130100
5000,getIndex,1432600
5000,removeAtIndex,2499,116500
5000,addFront,9600
5000,removeFront,10100
5000,getByIndex,100600
5000,addEnd,5400
5000,removeEnd,8600
5000,addAtIndex,2499,141100
5000,getIndex,1618900
5000,removeAtIndex,2499,99200
5000,addFront,9400
5000,removeFront,10900
5000,getByIndex,68100
5000,addEnd,4700
5000,removeEnd,9100
5000,addAtIndex,2499,161100
5000,getIndex,1391300
5000,removeAtIndex,2499,74700
5000,addFront,9600
5000,removeFront,12500
5000,getByIndex,61200
5000,addEnd,7500
5000,removeEnd,9800
5000,addAtIndex,2499,102500
5000,getIndex,2249400
5000,removeAtIndex,2499,157300
5000,addFront,10000
5000,removeFront,15600
5000,getByIndex,53700
5000,addEnd,3900
5000,removeEnd,8400
5000,addAtIndex,2499,118000
5000,getIndex,1634800
5000,removeAtIndex,2499,109200
5000,addFront,11300
5000,removeFront,11100
5000,getByIndex,69800
5000,addEnd,2500
5000,removeEnd,7500
5000,addAtIndex,2499,148800
5000,getIndex,2082900
5000,removeAtIndex,2499,130000
5000,addFront,21100
5000,removeFront,11900
5000,getByIndex,63000
5000,addEnd,3600
5000,removeEnd,7400
5000,addAtIndex,2499,151400
5000,getIndex,1655900
5000,removeAtIndex,2499,113300
5000,addFront,10800
5000,removeFront,9200
5000,getByIndex,51400
5000,addEnd,2600
5000,removeEnd,9000
5000,addAtIndex,2499,98700
5000,getIndex,1551900
5000,removeAtIndex,2499,108900
5000,addFront,11000
5000,removeFront,7800
5000,getByIndex,58900
5000,addEnd,2700
5000,removeEnd,8200
5000,addAtIndex,2499,100600
5000,getIndex,1930100
5000,removeAtIndex,2499,110700
5000,addFront,11100
5000,removeFront,11600
5000,getByIndex,74900
5000,addEnd,3600
5000,removeEnd,9500
5000,addAtIndex,2499,106800
5000,getIndex,1827700
5000,removeAtIndex,2499,108300
5000,addFront,10400
5000,removeFront,9400
5000,getByIndex,43000
5000,addEnd,5200
5000,removeEnd,7200
5000,addAtIndex,2499,102900
5000,getIndex,1784600
5000,removeAtIndex,2499,99400
5000,addFront,9800
5000,removeFront,8300
5000,getByIndex,62500
5000,addEnd,4000
5000,removeEnd,7500
5000,addAtIndex,2499,126000
5000,getIndex,1673300
5000,removeAtIndex,2499,108000
5000,addFront,9200
5000,removeFront,11900
5000,getByIndex,51000
5000,addEnd,2500
5000,removeEnd,9200
5000,addAtIndex,2499,114800
5000,getIndex,2061800
5000,removeAtIndex,2499,103200
5000,addFront,12500
5000,removeFront,9200
5000,getByIndex,55500
5000,addEnd,3000
5000,removeEnd,7800
5000,addAtIndex,2499,176300
5000,getIndex,1903000
5000,removeAtIndex,2499,121700
5000,addFront,9300
5000,removeFront,9100
5000,getByIndex,70100
5000,addEnd,2600
5000,removeEnd,9000
5000,addAtIndex,2499,118900
5000,getIndex,2028300
5000,removeAtIndex,2499,153200
5000,addFront,10100
5000,removeFront,8300
5000,getByIndex,87100
5000,addEnd,3200
5000,removeEnd,7800
5000,addAtIndex,2499,114300
5000,getIndex,1707600
5000,removeAtIndex,2499,104800
5000,addFront,9400
5000,removeFront,29900
5000,getByIndex,53100
5000,addEnd,6400
5000,removeEnd,11300
5000,addAtIndex,2499,113300
5000,getIndex,1582700
5000,removeAtIndex,2499,94000
5000,addFront,27900
5000,removeFront,9900
5000,getByIndex,76200
5000,addEnd,3800
5000,removeEnd,7700
5000,addAtIndex,2499,96700
5000,getIndex,1961100
5000,removeAtIndex,2499,110600
5000,addFront,18400
5000,removeFront,10300
5000,getByIndex,81000
5000,addEnd,4200
5000,removeEnd,9200
5000,addAtIndex,2499,99200
5000,getIndex,1418400
5000,removeAtIndex,2499,103000
5000,addFront,11700
5000,removeFront,9500
5000,getByIndex,61400
5000,addEnd,2200
5000,removeEnd,30400
5000,addAtIndex,2499,103400
5000,getIndex,1795700
5000,removeAtIndex,2499,102300
5000,addFront,12300
5000,removeFront,77500
5000,getByIndex,74600
5000,addEnd,2800
5000,removeEnd,7200
5000,addAtIndex,2499,307000
5000,getIndex,1664800
5000,removeAtIndex,2499,140200
5000,addFront,10700
5000,removeFront,9700
5000,getByIndex,61800
5000,addEnd,4200
5000,removeEnd,7500
5000,addAtIndex,2499,103600
5000,getIndex,1756200
5000,removeAtIndex,2499,83200
5000,addFront,10600
5000,removeFront,10200
10000,getByIndex,135500
10000,addEnd,3200
10000,removeEnd,8300
10000,addAtIndex,4999,162100
10000,getIndex,1567100
10000,removeAtIndex,4999,208300
10000,addFront,10100
10000,removeFront,8300
10000,getByIndex,106700
10000,addEnd,2500
10000,removeEnd,10500
10000,addAtIndex,4999,276100
10000,getIndex,1496500
10000,removeAtIndex,4999,167100
10000,addFront,9400
10000,removeFront,8600
10000,getByIndex,140600
10000,addEnd,4300
10000,removeEnd,6300
10000,addAtIndex,4999,151200
10000,getIndex,1806600
10000,removeAtIndex,4999,137300
10000,addFront,8800
10000,removeFront,9000
10000,getByIndex,169700
10000,addEnd,3900
10000,removeEnd,14600
10000,addAtIndex,4999,209300
10000,getIndex,1714800
10000,removeAtIndex,4999,180900
10000,addFront,12500
10000,removeFront,20500
10000,getByIndex,183300
10000,addEnd,3800
10000,removeEnd,18300
10000,addAtIndex,4999,182400
10000,getIndex,1635400
10000,removeAtIndex,4999,327800
10000,addFront,9100
10000,removeFront,9400
10000,getByIndex,136600
10000,addEnd,3300
10000,removeEnd,8300
10000,addAtIndex,4999,240500
10000,getIndex,1826000
10000,removeAtIndex,4999,165600
10000,addFront,20000
10000,removeFront,8400
10000,getByIndex,125400
10000,addEnd,2900
10000,removeEnd,8300
10000,addAtIndex,4999,181700
10000,getIndex,1901600
10000,removeAtIndex,4999,205200
10000,addFront,8600
10000,removeFront,9000
10000,getByIndex,136000
10000,addEnd,2700
10000,removeEnd,10400
10000,addAtIndex,4999,237500
10000,getIndex,1788500
10000,removeAtIndex,4999,250100
10000,addFront,9900
10000,removeFront,9500
10000,getByIndex,123100
10000,addEnd,2400
10000,removeEnd,10100
10000,addAtIndex,4999,164100
10000,getIndex,1990400
10000,removeAtIndex,4999,198100
10000,addFront,9900
10000,removeFront,9900
10000,getByIndex,115300
10000,addEnd,4100
10000,removeEnd,8700
10000,addAtIndex,4999,219800
10000,getIndex,2091000
10000,removeAtIndex,4999,165300
10000,addFront,21400
10000,removeFront,13100
10000,getByIndex,125700
10000,addEnd,2700
10000,removeEnd,9600
10000,addAtIndex,4999,220300
10000,getIndex,2059400
10000,removeAtIndex,4999,288300
10000,addFront,15200
10000,removeFront,9900
10000,getByIndex,149700
10000,addEnd,3100
10000,removeEnd,8400
10000,addAtIndex,4999,169700
10000,getIndex,1638800
10000,removeAtIndex,4999,213600
10000,addFront,10800
10000,removeFront,31300
10000,getByIndex,113900
10000,addEnd,2400
10000,removeEnd,8600
10000,addAtIndex,4999,188800
10000,getIndex,1764400
10000,removeAtIndex,4999,365100
10000,addFront,17800
10000,removeFront,8300
10000,getByIndex,176500
10000,addEnd,4700
10000,removeEnd,7900
10000,addAtIndex,4999,219400
10000,getIndex,1719400
10000,removeAtIndex,4999,190700
10000,addFront,10400
10000,removeFront,12600
10000,getByIndex,142000
10000,addEnd,3100
10000,removeEnd,9300
10000,addAtIndex,4999,191300
10000,getIndex,1836100
10000,removeAtIndex,4999,200700
10000,addFront,29800
10000,removeFront,15100
10000,getByIndex,159600
10000,addEnd,4100
10000,removeEnd,8800
10000,addAtIndex,4999,645400
10000,getIndex,2038400
10000,removeAtIndex,4999,193500
10000,addFront,28400
10000,removeFront,9800
10000,getByIndex,119100
10000,addEnd,3000
10000,removeEnd,7900
10000,addAtIndex,4999,167100
10000,getIndex,1612700
10000,removeAtIndex,4999,202300
10000,addFront,30500
10000,removeFront,8900
10000,getByIndex,143600
10000,addEnd,3200
10000,removeEnd,10900
10000,addAtIndex,4999,239100
10000,getIndex,1773200
10000,removeAtIndex,4999,307200
10000,addFront,16300
10000,removeFront,9300
10000,getByIndex,155200
10000,addEnd,4600
10000,removeEnd,7300
10000,addAtIndex,4999,194800
10000,getIndex,1995000
10000,removeAtIndex,4999,241200
10000,addFront,11700
10000,removeFront,31200
10000,getByIndex,207500
10000,addEnd,5400
10000,removeEnd,10400
10000,addAtIndex,4999,225500
10000,getIndex,2919500
10000,removeAtIndex,4999,200200
10000,addFront,66700
10000,removeFront,14700
10000,getByIndex,201400
10000,addEnd,4800
10000,removeEnd,9700
10000,addAtIndex,4999,192500
10000,getIndex,1944800
10000,removeAtIndex,4999,195900
10000,addFront,10600
10000,removeFront,22800
10000,getByIndex,183500
10000,addEnd,3400
10000,removeEnd,9300
10000,addAtIndex,4999,197300
10000,getIndex,1759800
10000,removeAtIndex,4999,189800
10000,addFront,18900
10000,removeFront,8700
10000,getByIndex,134700
10000,addEnd,2800
10000,removeEnd,9000
10000,addAtIndex,4999,190400
10000,getIndex,2154400
10000,removeAtIndex,4999,237000
10000,addFront,11000
10000,removeFront,19300
10000,getByIndex,178000
10000,addEnd,5300
10000,removeEnd,13500
10000,addAtIndex,4999,185900
10000,getIndex,1938400
10000,removeAtIndex,4999,199900
10000,addFront,9600
10000,removeFront,24100
10000,getByIndex,149200
10000,addEnd,4300
10000,removeEnd,10100
10000,addAtIndex,4999,203500
10000,getIndex,2517300
10000,removeAtIndex,4999,170000
10000,addFront,45800
10000,removeFront,10200
10000,getByIndex,171500
10000,addEnd,5800
10000,removeEnd,12500
10000,addAtIndex,4999,205800
10000,getIndex,2961800
10000,removeAtIndex,4999,187900
10000,addFront,8400
10000,removeFront,9000
10000,getByIndex,1143500
10000,addEnd,4900
10000,removeEnd,9200
10000,addAtIndex,4999,193500
10000,getIndex,2352400
10000,removeAtIndex,4999,200200
10000,addFront,10000
10000,removeFront,10700
10000,getByIndex,214300
10000,addEnd,7600
10000,removeEnd,8300
10000,addAtIndex,4999,218800
10000,getIndex,2864200
10000,removeAtIndex,4999,198800
10000,addFront,14500
10000,removeFront,9300
10000,getByIndex,179600
10000,addEnd,7000
10000,removeEnd,10000
10000,addAtIndex,4999,212600
10000,getIndex,2791200
10000,removeAtIndex,4999,246900
10000,addFront,11600
10000,removeFront,9200
10000,getByIndex,228800
10000,addEnd,4400
10000,removeEnd,26500
10000,addAtIndex,4999,440100
10000,getIndex,2458100
10000,removeAtIndex,4999,527600
10000,addFront,13600
10000,removeFront,79900
10000,getByIndex,194100
10000,addEnd,4200
10000,removeEnd,8900
10000,addAtIndex,4999,403700
10000,getIndex,3670600
10000,removeAtIndex,4999,219700
10000,addFront,12000
10000,removeFront,19500
10000,getByIndex,201000
10000,addEnd,6700
10000,removeEnd,12200
10000,addAtIndex,4999,264100
10000,getIndex,3133600
10000,removeAtIndex,4999,205200
10000,addFront,10300
10000,removeFront,10700
10000,getByIndex,177000
10000,addEnd,4400
10000,removeEnd,15600
10000,addAtIndex,4999,670500
10000,getIndex,5151800
10000,removeAtIndex,4999,335500
10000,addFront,11500
10000,removeFront,10200
10000,getByIndex,172800
10000,addEnd,5600
10000,removeEnd,9100
10000,addAtIndex,4999,225200
10000,getIndex,2106900
10000,removeAtIndex,4999,364200
10000,addFront,10100
10000,removeFront,10700
10000,getByIndex,179000
10000,addEnd,4100
10000,removeEnd,14100
10000,addAtIndex,4999,435600
10000,getIndex,2517100
10000,removeAtIndex,4999,216800
10000,addFront,16200
10000,removeFront,34200
10000,getByIndex,184200
10000,addEnd,3700
10000,removeEnd,65900
10000,addAtIndex,4999,228600
10000,getIndex,2207700
10000,removeAtIndex,4999,465000
10000,addFront,10500
10000,removeFront,59800
10000,getByIndex,224200
10000,addEnd,4700
10000,removeEnd,8400
10000,addAtIndex,4999,340400
10000,getIndex,24114200
10000,removeAtIndex,4999,443500
10000,addFront,11300
10000,removeFront,10100
10000,getByIndex,173300
10000,addEnd,4600
10000,removeEnd,9000
10000,addAtIndex,4999,396300
10000,getIndex,2470300
10000,removeAtIndex,4999,231500
10000,addFront,11600
10000,removeFront,28000
10000,getByIndex,221300
10000,addEnd,6300
10000,removeEnd,11200
10000,addAtIndex,4999,366600
10000,getIndex,4337000
10000,removeAtIndex,4999,251900
10000,addFront,15100
10000,removeFront,10700
10000,getByIndex,165800
10000,addEnd,4000
10000,removeEnd,9300
10000,addAtIndex,4999,243700
10000,getIndex,2549400
10000,removeAtIndex,4999,1119300
10000,addFront,13400
10000,removeFront,20100
10000,getByIndex,220200
10000,addEnd,6800
10000,removeEnd,10100
10000,addAtIndex,4999,228500
10000,getIndex,2817200
10000,removeAtIndex,4999,206400
10000,addFront,11300
10000,removeFront,10000
10000,getByIndex,166400
10000,addEnd,3800
10000,removeEnd,20500
10000,addAtIndex,4999,322300
10000,getIndex,2128600
10000,removeAtIndex,4999,279200
10000,addFront,14500
10000,removeFront,9500
10000,getByIndex,183100
10000,addEnd,4100
10000,removeEnd,10600
10000,addAtIndex,4999,219000
10000,getIndex,2461000
10000,removeAtIndex,4999,309000
10000,addFront,9800
10000,removeFront,10500
10000,getByIndex,176000
10000,addEnd,4400
10000,removeEnd,72700
10000,addAtIndex,4999,215900
10000,getIndex,2183000
10000,removeAtIndex,4999,195500
10000,addFront,11600
10000,removeFront,47300
10000,getByIndex,207200
10000,addEnd,10100
10000,removeEnd,14300
10000,addAtIndex,4999,3692000
10000,getIndex,4902200
10000,removeAtIndex,4999,250900
10000,addFront,13200
10000,removeFront,11200
10000,getByIndex,193700
10000,addEnd,4900
10000,removeEnd,9900
10000,addAtIndex,4999,260500
10000,getIndex,3120600
10000,removeAtIndex,4999,205100
10000,addFront,11600
10000,removeFront,44800
10000,getByIndex,279500
10000,addEnd,4500
10000,removeEnd,15100
10000,addAtIndex,4999,583700
10000,getIndex,2496900
10000,removeAtIndex,4999,327200
10000,addFront,25800
10000,removeFront,11100
10000,getByIndex,181800
10000,addEnd,3800
10000,removeEnd,11300
10000,addAtIndex,4999,281600
10000,getIndex,2456800
10000,removeAtIndex,4999,219800
10000,addFront,12300
10000,removeFront,9100
10000,getByIndex,234100
10000,addEnd,6300
10000,removeEnd,12300
10000,addAtIndex,4999,273200
10000,getIndex,2345300
10000,removeAtIndex,4999,198300
10000,addFront,12200
10000,removeFront,10100
10000,getByIndex,198800
10000,addEnd,3900
10000,removeEnd,10600
10000,addAtIndex,4999,184900
10000,getIndex,9668900
10000,removeAtIndex,4999,353100
10000,addFront,10400
10000,removeFront,15000
10000,getByIndex,198000
10000,addEnd,6900
10000,removeEnd,24400
10000,addAtIndex,4999,252000
10000,getIndex,2411500
10000,removeAtIndex,4999,237900
10000,addFront,11600
10000,removeFront,24400
10000,getByIndex,170700
10000,addEnd,4300
10000,removeEnd,11100
10000,addAtIndex,4999,372700
10000,getIndex,2306700
10000,removeAtIndex,4999,221400
10000,addFront,414400
10000,removeFront,17900
10000,getByIndex,224100
10000,addEnd,4500
10000,removeEnd,192600
10000,addAtIndex,4999,225500
10000,getIndex,2182900
10000,removeAtIndex,4999,190300
10000,addFront,10500
10000,removeFront,11900
10000,getByIndex,166400
10000,addEnd,4000
10000,removeEnd,35300
10000,addAtIndex,4999,329500
10000,getIndex,2477400
10000,removeAtIndex,4999,365500
10000,addFront,31100
10000,removeFront,13900
10000,getByIndex,164500
10000,addEnd,5000
10000,removeEnd,11100
10000,addAtIndex,4999,207200
10000,getIndex,3439300
10000,removeAtIndex,4999,207700
10000,addFront,10700
10000,removeFront,9000
10000,getByIndex,210500
10000,addEnd,4300
10000,removeEnd,13300
10000,addAtIndex,4999,484800
10000,getIndex,2930800
10000,removeAtIndex,4999,429800
10000,addFront,15500
10000,removeFront,10500
10000,getByIndex,196100
10000,addEnd,5000
10000,removeEnd,14800
10000,addAtIndex,4999,488300
10000,getIndex,2734700
10000,removeAtIndex,4999,319300
10000,addFront,13100
10000,removeFront,11100
10000,getByIndex,183500
10000,addEnd,4000
10000,removeEnd,10800
10000,addAtIndex,4999,265200
10000,getIndex,2366100
10000,removeAtIndex,4999,220100
10000,addFront,86200
10000,removeFront,11900
10000,getByIndex,230900
10000,addEnd,5700
10000,removeEnd,9500
10000,addAtIndex,4999,260600
10000,getIndex,5166400
10000,removeAtIndex,4999,200000
10000,addFront,11300
10000,removeFront,19800
10000,getByIndex,200200
10000,addEnd,3900
10000,removeEnd,11000
10000,addAtIndex,4999,233800
10000,getIndex,2008800
10000,removeAtIndex,4999,318200
10000,addFront,10000
10000,removeFront,9900
10000,getByIndex,183300
10000,addEnd,4000
10000,removeEnd,119800
10000,addAtIndex,4999,225300
10000,getIndex,2725300
10000,removeAtIndex,4999,416600
10000,addFront,15600
10000,removeFront,32800
10000,getByIndex,164700
10000,addEnd,4000
10000,removeEnd,11500
10000,addAtIndex,4999,224100
10000,getIndex,2469600
10000,removeAtIndex,4999,193800
10000,addFront,11900
10000,removeFront,176800
10000,getByIndex,210600
10000,addEnd,9500
10000,removeEnd,12900
10000,addAtIndex,4999,219700
10000,getIndex,2355200
10000,removeAtIndex,4999,238700
10000,addFront,11600
10000,removeFront,19000
10000,getByIndex,192300
10000,addEnd,8700
10000,removeEnd,11400
10000,addAtIndex,4999,211500
10000,getIndex,2589000
10000,removeAtIndex,4999,348600
10000,addFront,10700
10000,removeFront,9300
10000,getByIndex,842500
10000,addEnd,27200
10000,removeEnd,9800
10000,addAtIndex,4999,339900
10000,getIndex,2633400
10000,removeAtIndex,4999,231800
10000,addFront,12300
10000,removeFront,567000
10000,getByIndex,244500
10000,addEnd,4900
10000,removeEnd,477700
10000,addAtIndex,4999,249500
10000,getIndex,3884100
10000,removeAtIndex,4999,327900
10000,addFront,11600
10000,removeFront,8300
10000,getByIndex,196900
10000,addEnd,12300
10000,removeEnd,10100
10000,addAtIndex,4999,254500
10000,getIndex,3136100
10000,removeAtIndex,4999,251600
10000,addFront,34000
10000,removeFront,11100
10000,getByIndex,192400
10000,addEnd,7000
10000,removeEnd,10300
10000,addAtIndex,4999,239300
10000,getIndex,2856800
10000,removeAtIndex,4999,298200
10000,addFront,21500
10000,removeFront,10400
10000,getByIndex,209400
10000,addEnd,5500
10000,removeEnd,10100
10000,addAtIndex,4999,245900
10000,getIndex,2747800
10000,removeAtIndex,4999,238000
10000,addFront,13700
10000,removeFront,10800
10000,getByIndex,194200
10000,addEnd,4900
10000,removeEnd,14400
10000,addAtIndex,4999,258600
10000,getIndex,1901500
10000,removeAtIndex,4999,252500
10000,addFront,12300
10000,removeFront,11700
10000,getByIndex,180600
10000,addEnd,4000
10000,removeEnd,10200
10000,addAtIndex,4999,296400
10000,getIndex,2971600
10000,removeAtIndex,4999,231700
10000,addFront,11200
10000,removeFront,20000
10000,getByIndex,166500
10000,addEnd,5000
10000,removeEnd,10500
10000,addAtIndex,4999,175200
10000,getIndex,4514400
10000,removeAtIndex,4999,548000
10000,addFront,13100
10000,removeFront,13800
10000,getByIndex,177500
10000,addEnd,3400
10000,removeEnd,9300
10000,addAtIndex,4999,549000
10000,getIndex,3182100
10000,removeAtIndex,4999,245000
10000,addFront,11700
10000,removeFront,9500
10000,getByIndex,169800
10000,addEnd,4900
10000,removeEnd,17900
10000,addAtIndex,4999,186800
10000,getIndex,3130200
10000,removeAtIndex,4999,191100
10000,addFront,13500
10000,removeFront,22800
10000,getByIndex,202800
10000,addEnd,4300
10000,removeEnd,9000
10000,addAtIndex,4999,224800
10000,getIndex,2857100
10000,removeAtIndex,4999,234000
10000,addFront,10600
10000,removeFront,278000
10000,getByIndex,180300
10000,addEnd,3800
10000,removeEnd,9800
10000,addAtIndex,4999,400600
10000,getIndex,2176100
10000,removeAtIndex,4999,212100
10000,addFront,42800
10000,removeFront,10400
10000,getByIndex,171600
10000,addEnd,3600
10000,removeEnd,11000
10000,addAtIndex,4999,215600
10000,getIndex,3213800
10000,removeAtIndex,4999,186100
10000,addFront,9700
10000,removeFront,9900
10000,getByIndex,203700
10000,addEnd,4800
10000,removeEnd,9800
10000,addAtIndex,4999,190200
10000,getIndex,2615000
10000,removeAtIndex,4999,224900
10000,addFront,17500
10000,removeFront,11700
10000,getByIndex,188400
10000,addEnd,3400
10000,removeEnd,10900
10000,addAtIndex,4999,449700
10000,getIndex,2682300
10000,removeAtIndex,4999,294700
10000,addFront,23700
10000,removeFront,20300
10000,getByIndex,201600
10000,addEnd,4500
10000,removeEnd,9200
10000,addAtIndex,4999,226500
10000,getIndex,2192000
10000,removeAtIndex,4999,288800
10000,addFront,11900
10000,removeFront,12000
10000,getByIndex,190000
10000,addEnd,4600
10000,removeEnd,12000
10000,addAtIndex,4999,232700
10000,getIndex,2246700
10000,removeAtIndex,4999,214300
10000,addFront,10600
10000,removeFront,10600
10000,getByIndex,178600
10000,addEnd,5300
10000,removeEnd,52400
10000,addAtIndex,4999,207100
10000,getIndex,2309500
10000,removeAtIndex,4999,246300
10000,addFront,14700
10000,removeFront,9600
10000,getByIndex,191800
10000,addEnd,4000
10000,removeEnd,78700
10000,addAtIndex,4999,291300
10000,getIndex,3814900
10000,removeAtIndex,4999,230500
10000,addFront,13300
10000,removeFront,17300
10000,getByIndex,183200
10000,addEnd,5000
10000,removeEnd,10100
10000,addAtIndex,4999,215300
10000,getIndex,2374200
10000,removeAtIndex,4999,201400
10000,addFront,11000
10000,removeFront,9700
10000,getByIndex,192800
10000,addEnd,6200
10000,removeEnd,30700
10000,addAtIndex,4999,209900
10000,getIndex,2321800
10000,removeAtIndex,4999,223400
10000,addFront,10500
10000,removeFront,13300
10000,getByIndex,152600
10000,addEnd,3600
10000,removeEnd,19400
10000,addAtIndex,4999,191700
10000,getIndex,2387300
10000,removeAtIndex,4999,206600
10000,addFront,27600
10000,removeFront,13000
10000,getByIndex,168800
10000,addEnd,3600
10000,removeEnd,34500
10000,addAtIndex,4999,226000
10000,getIndex,2246700
10000,removeAtIndex,4999,283500
10000,addFront,11300
10000,removeFront,9300
10000,getByIndex,249700
10000,addEnd,6900
10000,removeEnd,11300
10000,addAtIndex,4999,198300
10000,getIndex,1848400
10000,removeAtIndex,4999,233900
10000,addFront,14500
10000,removeFront,24500
10000,getByIndex,175700
10000,addEnd,5500
10000,removeEnd,9600
10000,addAtIndex,4999,521900
10000,getIndex,2430700
10000,removeAtIndex,4999,410500
10000,addFront,13300
10000,removeFront,48200
10000,getByIndex,204800
10000,addEnd,4100
10000,removeEnd,9500
10000,addAtIndex,4999,229000
10000,getIndex,2484800
10000,removeAtIndex,4999,239800
10000,addFront,11200
10000,removeFront,25800
10000,getByIndex,165800
10000,addEnd,219100
10000,removeEnd,9800
10000,addAtIndex,4999,271300
10000,getIndex,2324900
10000,removeAtIndex,4999,222600
10000,addFront,49800
10000,removeFront,9500
10000,getByIndex,195300
10000,addEnd,6800
10000,removeEnd,11200
10000,addAtIndex,4999,352700
10000,getIndex,2289100
10000,removeAtIndex,4999,186700
10000,addFront,10300
10000,removeFront,8700
10000,getByIndex,193900
10000,addEnd,4800
10000,removeEnd,10900
10000,addAtIndex,4999,230100
10000,getIndex,2235600
10000,removeAtIndex,4999,228800
10000,addFront,9800
10000,removeFront,28600
10000,getByIndex,178600
10000,addEnd,3600
10000,removeEnd,10200
10000,addAtIndex,4999,269000
10000,getIndex,2104900
10000,removeAtIndex,4999,269400
10000,addFront,22900
10000,removeFront,10400
10000,getByIndex,977100
10000,addEnd,5100
10000,removeEnd,15500
10000,addAtIndex,4999,205900
10000,getIndex,1849200
10000,removeAtIndex,4999,183900
10000,addFront,13500
10000,removeFront,10800
10000,getByIndex,201000
10000,addEnd,4600
10000,removeEnd,8800
10000,addAtIndex,4999,295100
10000,getIndex,2121900
10000,removeAtIndex,4999,423400
10000,addFront,10900
10000,removeFront,15500
10000,getByIndex,164600
10000,addEnd,5200
10000,removeEnd,11100
10000,addAtIndex,4999,196000
10000,getIndex,2249900
10000,removeAtIndex,4999,261800
10000,addFront,11600
10000,removeFront,10100
10000,getByIndex,245400
10000,addEnd,5500
10000,removeEnd,10800
10000,addAtIndex,4999,174000
10000,getIndex,3501800
10000,removeAtIndex,4999,215200
10000,addFront,20700
10000,removeFront,11800
10000,getByIndex,311300
10000,addEnd,4300
10000,removeEnd,11200
10000,addAtIndex,4999,319000
10000,getIndex,1907900
10000,removeAtIndex,4999,220300
10000,addFront,11000
10000,removeFront,8900
10000,getByIndex,200000
10000,addEnd,3800
10000,removeEnd,10100
10000,addAtIndex,4999,187100
10000,getIndex,2221800
10000,removeAtIndex,4999,252200
10000,addFront,13000
10000,removeFront,10300
20000,getByIndex,243600
20000,addEnd,4600
20000,removeEnd,8100
20000,addAtIndex,9999,256500
20000,getIndex,1730200
20000,removeAtIndex,9999,277000
20000,addFront,9400
20000,removeFront,8600
20000,getByIndex,416600
20000,addEnd,6100
20000,removeEnd,8400
20000,addAtIndex,9999,309600
20000,getIndex,1813500
20000,removeAtIndex,9999,341100
20000,addFront,9300
20000,removeFront,41100
20000,getByIndex,326800
20000,addEnd,6600
20000,removeEnd,101900
20000,addAtIndex,9999,410200
20000,getIndex,1834900
20000,removeAtIndex,9999,304300
20000,addFront,9700
20000,removeFront,8300
20000,getByIndex,273700
20000,addEnd,3900
20000,removeEnd,16200
20000,addAtIndex,9999,408200
20000,getIndex,1841000
20000,removeAtIndex,9999,351700
20000,addFront,9100
20000,removeFront,23500
20000,getByIndex,302700
20000,addEnd,2900
20000,removeEnd,8100
20000,addAtIndex,9999,362800
20000,getIndex,1904200
20000,removeAtIndex,9999,400600
20000,addFront,9500
20000,removeFront,26900
20000,getByIndex,314800
20000,addEnd,6100
20000,removeEnd,14100
20000,addAtIndex,9999,299300
20000,getIndex,1772800
20000,removeAtIndex,9999,357500
20000,addFront,10100
20000,removeFront,27700
20000,getByIndex,274000
20000,addEnd,2300
20000,removeEnd,8400
20000,addAtIndex,9999,292500
20000,getIndex,1823900
20000,removeAtIndex,9999,623600
20000,addFront,9700
20000,removeFront,11200
20000,getByIndex,346000
20000,addEnd,3300
20000,removeEnd,8600
20000,addAtIndex,9999,324700
20000,getIndex,1998100
20000,removeAtIndex,9999,293400
20000,addFront,10100
20000,removeFront,9700
20000,getByIndex,288600
20000,addEnd,3200
20000,removeEnd,8900
20000,addAtIndex,9999,305600
20000,getIndex,1877900
20000,removeAtIndex,9999,533200
20000,addFront,9700
20000,removeFront,10400
20000,getByIndex,308600
20000,addEnd,3900
20000,removeEnd,26600
20000,addAtIndex,9999,306200
20000,getIndex,1984500
20000,removeAtIndex,9999,348900
20000,addFront,11500
20000,removeFront,8400
20000,getByIndex,269800
20000,addEnd,2900
20000,removeEnd,38100
20000,addAtIndex,9999,347700
20000,getIndex,1945600
20000,removeAtIndex,9999,327900
20000,addFront,9200
20000,removeFront,7700
20000,getByIndex,323700
20000,addEnd,3300
20000,removeEnd,9700
20000,addAtIndex,9999,789000
20000,getIndex,2523300
20000,removeAtIndex,9999,396000
20000,addFront,10300
20000,removeFront,16600
20000,getByIndex,280300
20000,addEnd,3100
20000,removeEnd,12100
20000,addAtIndex,9999,380000
20000,getIndex,1821800
20000,removeAtIndex,9999,327300
20000,addFront,10500
20000,removeFront,8400
20000,getByIndex,398500
20000,addEnd,4500
20000,removeEnd,10200
20000,addAtIndex,9999,411800
20000,getIndex,2246500
20000,removeAtIndex,9999,350600
20000,addFront,12200
20000,removeFront,10500
20000,getByIndex,282400
20000,addEnd,7900
20000,removeEnd,10200
20000,addAtIndex,9999,368800
20000,getIndex,1951700
20000,removeAtIndex,9999,357200
20000,addFront,8700
20000,removeFront,8700
20000,getByIndex,330300
20000,addEnd,2900
20000,removeEnd,8000
20000,addAtIndex,9999,420900
20000,getIndex,2374200
20000,removeAtIndex,9999,337300
20000,addFront,21100
20000,removeFront,8300
20000,getByIndex,286300
20000,addEnd,2900
20000,removeEnd,10100
20000,addAtIndex,9999,333600
20000,getIndex,1914400
20000,removeAtIndex,9999,325400
20000,addFront,24300
20000,removeFront,8900
20000,getByIndex,319300
20000,addEnd,4300
20000,removeEnd,31900
20000,addAtIndex,9999,458100
20000,getIndex,2666500
20000,removeAtIndex,9999,445800
20000,addFront,10700
20000,removeFront,11200
20000,getByIndex,344000
20000,addEnd,5000
20000,removeEnd,9100
20000,addAtIndex,9999,324000
20000,getIndex,1978200
20000,removeAtIndex,9999,340200
20000,addFront,11700
20000,removeFront,11100
20000,getByIndex,320900
20000,addEnd,4500
20000,removeEnd,10500
20000,addAtIndex,9999,379700
20000,getIndex,2082300
20000,removeAtIndex,9999,379200
20000,addFront,10800
20000,removeFront,52000
20000,getByIndex,293900
20000,addEnd,3000
20000,removeEnd,173300
20000,addAtIndex,9999,388200
20000,getIndex,2213100
20000,removeAtIndex,9999,322500
20000,addFront,12300
20000,removeFront,8700
20000,getByIndex,297300
20000,addEnd,8100
20000,removeEnd,11100
20000,addAtIndex,9999,493400
20000,getIndex,1885300
20000,removeAtIndex,9999,306400
20000,addFront,21300
20000,removeFront,12200
20000,getByIndex,274600
20000,addEnd,3000
20000,removeEnd,9900
20000,addAtIndex,9999,540600
20000,getIndex,1998300
20000,removeAtIndex,9999,337400
20000,addFront,10200
20000,removeFront,12300
20000,getByIndex,273300
20000,addEnd,3300
20000,removeEnd,12900
20000,addAtIndex,9999,439800
20000,getIndex,2017700
20000,removeAtIndex,9999,390300
20000,addFront,12800
20000,removeFront,11300
20000,getByIndex,303600
20000,addEnd,3900
20000,removeEnd,8800
20000,addAtIndex,9999,413200
20000,getIndex,2479600
20000,removeAtIndex,9999,446500
20000,addFront,41400
20000,removeFront,634300
20000,getByIndex,295700
20000,addEnd,3200
20000,removeEnd,12700
20000,addAtIndex,9999,343900
20000,getIndex,2128000
20000,removeAtIndex,9999,306600
20000,addFront,11400
20000,removeFront,9500
20000,getByIndex,300400
20000,addEnd,2300
20000,removeEnd,31700
20000,addAtIndex,9999,413300
20000,getIndex,2178600
20000,removeAtIndex,9999,422200
20000,addFront,11300
20000,removeFront,9900
20000,getByIndex,334300
20000,addEnd,5000
20000,removeEnd,9700
20000,addAtIndex,9999,334500
20000,getIndex,1985900
20000,removeAtIndex,9999,344600
20000,addFront,14800
20000,removeFront,9100
20000,getByIndex,281300
20000,addEnd,3100
20000,removeEnd,9000
20000,addAtIndex,9999,352700
20000,getIndex,1857100
20000,removeAtIndex,9999,329300
20000,addFront,25300
20000,removeFront,7800
20000,getByIndex,262600
20000,addEnd,2900
20000,removeEnd,10100
20000,addAtIndex,9999,381700
20000,getIndex,2078100
20000,removeAtIndex,9999,355400
20000,addFront,20500
20000,removeFront,10900
20000,getByIndex,285200
20000,addEnd,2600
20000,removeEnd,9200
20000,addAtIndex,9999,445400
20000,getIndex,2324500
20000,removeAtIndex,9999,345600
20000,addFront,14600
20000,removeFront,10500
20000,getByIndex,292100
20000,addEnd,3000
20000,removeEnd,25400
20000,addAtIndex,9999,508100
20000,getIndex,1867800
20000,removeAtIndex,9999,285800
20000,addFront,10900
20000,removeFront,17900
20000,getByIndex,283400
20000,addEnd,2800
20000,removeEnd,9400
20000,addAtIndex,9999,429100
20000,getIndex,2404300
20000,removeAtIndex,9999,488400
20000,addFront,9400
20000,removeFront,9700
20000,getByIndex,311700
20000,addEnd,4700
20000,removeEnd,20600
20000,addAtIndex,9999,336300
20000,getIndex,1987800
20000,removeAtIndex,9999,493800
20000,addFront,11900
20000,removeFront,8900
20000,getByIndex,289900
20000,addEnd,3800
20000,removeEnd,8600
20000,addAtIndex,9999,342100
20000,getIndex,2024100
20000,removeAtIndex,9999,395300
20000,addFront,10600
20000,removeFront,8700
20000,getByIndex,286700
20000,addEnd,3100
20000,removeEnd,8600
20000,addAtIndex,9999,372900
20000,getIndex,1892200
20000,removeAtIndex,9999,366300
20000,addFront,10000
20000,removeFront,8900
20000,getByIndex,340400
20000,addEnd,3100
20000,removeEnd,8700
20000,addAtIndex,9999,339600
20000,getIndex,1902400
20000,removeAtIndex,9999,420700
20000,addFront,10200
20000,removeFront,10600
20000,getByIndex,400900
20000,addEnd,6300
20000,removeEnd,8700
20000,addAtIndex,9999,326100
20000,getIndex,1978000
20000,removeAtIndex,9999,375700
20000,addFront,9700
20000,removeFront,39400
20000,getByIndex,290300
20000,addEnd,4800
20000,removeEnd,8000
20000,addAtIndex,9999,440600
20000,getIndex,2083600
20000,removeAtIndex,9999,405500
20000,addFront,25400
20000,removeFront,28400
20000,getByIndex,278700
20000,addEnd,2900
20000,removeEnd,8700
20000,addAtIndex,9999,410100
20000,getIndex,2204500
20000,removeAtIndex,9999,391500
20000,addFront,10200
20000,removeFront,8500
20000,getByIndex,317700
20000,addEnd,8100
20000,removeEnd,11600
20000,addAtIndex,9999,403000
20000,getIndex,2374000
20000,removeAtIndex,9999,325900
20000,addFront,13900
20000,removeFront,8700
20000,getByIndex,288100
20000,addEnd,2800
20000,removeEnd,9000
20000,addAtIndex,9999,371500
20000,getIndex,2387600
20000,removeAtIndex,9999,450100
20000,addFront,11100
20000,removeFront,9000
20000,getByIndex,352000
20000,addEnd,4700
20000,removeEnd,10200
20000,addAtIndex,9999,354300
20000,getIndex,1896500
20000,removeAtIndex,9999,529200
20000,addFront,15900
20000,removeFront,13300
20000,getByIndex,311500
20000,addEnd,3600
20000,removeEnd,8500
20000,addAtIndex,9999,355600
20000,getIndex,2192100
20000,removeAtIndex,9999,384800
20000,addFront,11500
20000,removeFront,10800
20000,getByIndex,295400
20000,addEnd,4500
20000,removeEnd,8500
20000,addAtIndex,9999,375300
20000,getIndex,1904900
20000,removeAtIndex,9999,358900
20000,addFront,22300
20000,removeFront,13000
20000,getByIndex,273000
20000,addEnd,3400
20000,removeEnd,10100
20000,addAtIndex,9999,364700
20000,getIndex,1950100
20000,removeAtIndex,9999,366300
20000,addFront,25300
20000,removeFront,9000
20000,getByIndex,302500
20000,addEnd,3000
20000,removeEnd,10800
20000,addAtIndex,9999,426000
20000,getIndex,2272400
20000,removeAtIndex,9999,379800
20000,addFront,13900
20000,removeFront,18000
20000,getByIndex,360100
20000,addEnd,4000
20000,removeEnd,8600
20000,addAtIndex,9999,329000
20000,getIndex,1897400
20000,removeAtIndex,9999,363900
20000,addFront,11200
20000,removeFront,46700
20000,getByIndex,265000
20000,addEnd,4500
20000,removeEnd,34600
20000,addAtIndex,9999,459200
20000,getIndex,2309400
20000,removeAtIndex,9999,367700
20000,addFront,10600
20000,removeFront,10100
20000,getByIndex,268900
20000,addEnd,3700
20000,removeEnd,8500
20000,addAtIndex,9999,327700
20000,getIndex,2090400
20000,removeAtIndex,9999,603900
20000,addFront,29000
20000,removeFront,13000
20000,getByIndex,287100
20000,addEnd,7900
20000,removeEnd,8900
20000,addAtIndex,9999,441900
20000,getIndex,2197800
20000,removeAtIndex,9999,304600
20000,addFront,11000
20000,removeFront,11500
20000,getByIndex,332200
20000,addEnd,3600
20000,removeEnd,8700
20000,addAtIndex,9999,431100
20000,getIndex,1898900
20000,removeAtIndex,9999,456000
20000,addFront,12500
20000,removeFront,53700
20000,getByIndex,265700
20000,addEnd,3000
20000,removeEnd,12400
20000,addAtIndex,9999,439500
20000,getIndex,2256000
20000,removeAtIndex,9999,389700
20000,addFront,11100
20000,removeFront,9400
20000,getByIndex,343800
20000,addEnd,9600
20000,removeEnd,26800
20000,addAtIndex,9999,315300
20000,getIndex,1891700
20000,removeAtIndex,9999,451200
20000,addFront,12200
20000,removeFront,9000
20000,getByIndex,302100
20000,addEnd,3000
20000,removeEnd,9100
20000,addAtIndex,9999,344800
20000,getIndex,1879800
20000,removeAtIndex,9999,368200
20000,addFront,10800
20000,removeFront,34000
20000,getByIndex,318000
20000,addEnd,4500
20000,removeEnd,17100
20000,addAtIndex,9999,323000
20000,getIndex,2006800
20000,removeAtIndex,9999,366900
20000,addFront,13500
20000,removeFront,17300
20000,getByIndex,269800
20000,addEnd,2800
20000,removeEnd,17800
20000,addAtIndex,9999,385400
20000,getIndex,2143500
20000,removeAtIndex,9999,297500
20000,addFront,10900
20000,removeFront,11100
20000,getByIndex,290300
20000,addEnd,2800
20000,removeEnd,9400
20000,addAtIndex,9999,386900
20000,getIndex,2690300
20000,removeAtIndex,9999,334100
20000,addFront,10000
20000,removeFront,8900
20000,getByIndex,304300
20000,addEnd,7600
20000,removeEnd,9300
20000,addAtIndex,9999,350900
20000,getIndex,2608000
20000,removeAtIndex,9999,318400
20000,addFront,12500
20000,removeFront,11300
20000,getByIndex,275700
20000,addEnd,3100
20000,removeEnd,10100
20000,addAtIndex,9999,459400
20000,getIndex,2605500
20000,removeAtIndex,9999,406700
20000,addFront,14000
20000,removeFront,18800
20000,getByIndex,296600
20000,addEnd,3100
20000,removeEnd,17400
20000,addAtIndex,9999,350400
20000,getIndex,1989600
20000,removeAtIndex,9999,411000
20000,addFront,10700
20000,removeFront,9300
20000,getByIndex,260500
20000,addEnd,3500
20000,removeEnd,8400
20000,addAtIndex,9999,364600
20000,getIndex,2116000
20000,removeAtIndex,9999,343200
20000,addFront,11000
20000,removeFront,8800
20000,getByIndex,279600
20000,addEnd,3100
20000,removeEnd,8600
20000,addAtIndex,9999,316900
20000,getIndex,1768400
20000,removeAtIndex,9999,304400
20000,addFront,9500
20000,removeFront,9800
20000,getByIndex,300800
20000,addEnd,4200
20000,removeEnd,11300
20000,addAtIndex,9999,400300
20000,getIndex,2328600
20000,removeAtIndex,9999,342300
20000,addFront,16500
20000,removeFront,12300
20000,getByIndex,297200
20000,addEnd,5000
20000,removeEnd,9600
20000,addAtIndex,9999,353800
20000,getIndex,2209400
20000,removeAtIndex,9999,363300
20000,addFront,12300
20000,removeFront,8800
20000,getByIndex,296400
20000,addEnd,3200
20000,removeEnd,38300
20000,addAtIndex,9999,471900
20000,getIndex,4011300
20000,removeAtIndex,9999,378800
20000,addFront,10500
20000,removeFront,9900
20000,getByIndex,319400
20000,addEnd,3900
20000,removeEnd,11500
20000,addAtIndex,9999,334400
20000,getIndex,1790500
20000,removeAtIndex,9999,432400
20000,addFront,15500
20000,removeFront,12400
20000,getByIndex,281200
20000,addEnd,7800
20000,removeEnd,9300
20000,addAtIndex,9999,413900
20000,getIndex,2454300
20000,removeAtIndex,9999,500200
20000,addFront,8900
20000,removeFront,9400
20000,getByIndex,266400
20000,addEnd,3700
20000,removeEnd,65500
20000,addAtIndex,9999,313400
20000,getIndex,1926400
20000,removeAtIndex,9999,293400
20000,addFront,9800
20000,removeFront,12100
20000,getByIndex,290000
20000,addEnd,4300
20000,removeEnd,17500
20000,addAtIndex,9999,386300
20000,getIndex,2059700
20000,removeAtIndex,9999,348500
20000,addFront,9800
20000,removeFront,49800
20000,getByIndex,269200
20000,addEnd,4500
20000,removeEnd,14000
20000,addAtIndex,9999,335400
20000,getIndex,1876300
20000,removeAtIndex,9999,270000
20000,addFront,10000
20000,removeFront,8700
20000,getByIndex,284100
20000,addEnd,2800
20000,removeEnd,10700
20000,addAtIndex,9999,370800
20000,getIndex,2067900
20000,removeAtIndex,9999,310500
20000,addFront,11000
20000,removeFront,10300
20000,getByIndex,292400
20000,addEnd,3000
20000,removeEnd,9900
20000,addAtIndex,9999,451500
20000,getIndex,2403100
20000,removeAtIndex,9999,765500
20000,addFront,14900
20000,removeFront,49500
20000,getByIndex,319700
20000,addEnd,3300
20000,removeEnd,16900
20000,addAtIndex,9999,334100
20000,getIndex,1868800
20000,removeAtIndex,9999,612800
20000,addFront,157500
20000,removeFront,25600
20000,getByIndex,270900
20000,addEnd,3200
20000,removeEnd,14600
20000,addAtIndex,9999,351900
20000,getIndex,2142500
20000,removeAtIndex,9999,495800
20000,addFront,9700
20000,removeFront,10400
20000,getByIndex,381000
20000,addEnd,4600
20000,removeEnd,16500
20000,addAtIndex,9999,326600
20000,getIndex,2101700
20000,removeAtIndex,9999,310700
20000,addFront,11600
20000,removeFront,9900
20000,getByIndex,276900
20000,addEnd,7900
20000,removeEnd,9000
20000,addAtIndex,9999,315800
20000,getIndex,2012100
20000,removeAtIndex,9999,299100
20000,addFront,9200
20000,removeFront,158600
20000,getByIndex,322200
20000,addEnd,5800
20000,removeEnd,11500
20000,addAtIndex,9999,381600
20000,getIndex,1891900
20000,removeAtIndex,9999,391700
20000,addFront,14200
20000,removeFront,9300
20000,getByIndex,313700
20000,addEnd,2900
20000,removeEnd,8900
20000,addAtIndex,9999,400800
20000,getIndex,1894800
20000,removeAtIndex,9999,335900
20000,addFront,65300
20000,removeFront,8400
20000,getByIndex,343500
20000,addEnd,4100
20000,removeEnd,20500
20000,addAtIndex,9999,361900
20000,getIndex,2072800
20000,removeAtIndex,9999,350900
20000,addFront,15000
20000,removeFront,10000
20000,getByIndex,280100
20000,addEnd,3200
20000,removeEnd,10400
20000,addAtIndex,9999,370900
20000,getIndex,2430400
20000,removeAtIndex,9999,478900
20000,addFront,119800
20000,removeFront,10700
20000,getByIndex,286200
20000,addEnd,3600
20000,removeEnd,10900
20000,addAtIndex,9999,404400
20000,getIndex,2181900
20000,removeAtIndex,9999,338500
20000,addFront,16100
20000,removeFront,11100
20000,getByIndex,331700
20000,addEnd,3100
20000,removeEnd,8500
20000,addAtIndex,9999,330600
20000,getIndex,2096600
20000,removeAtIndex,9999,407400
20000,addFront,18300
20000,removeFront,14100
20000,getByIndex,313800
20000,addEnd,3100
20000,removeEnd,19200
20000,addAtIndex,9999,354800
20000,getIndex,1926600
20000,removeAtIndex,9999,338000
20000,addFront,10600
20000,removeFront,25000
20000,getByIndex,275400
20000,addEnd,3400
20000,removeEnd,25000
20000,addAtIndex,9999,314300
20000,getIndex,2297400
20000,removeAtIndex,9999,272000
20000,addFront,38700
20000,removeFront,8400
20000,getByIndex,328700
20000,addEnd,8800
20000,removeEnd,9000
20000,addAtIndex,9999,332900
20000,getIndex,1971100
20000,removeAtIndex,9999,340800
20000,addFront,9100
20000,removeFront,16900
20000,getByIndex,291100
20000,addEnd,46700
20000,removeEnd,10300
20000,addAtIndex,9999,485500
20000,getIndex,1936800
20000,removeAtIndex,9999,330200
20000,addFront,20200
20000,removeFront,10000
20000,getByIndex,293000
20000,addEnd,3200
20000,removeEnd,9900
20000,addAtIndex,9999,350200
20000,getIndex,1936700
20000,removeAtIndex,9999,396100
20000,addFront,10700
20000,removeFront,8400
20000,getByIndex,264200
20000,addEnd,2700
20000,removeEnd,9400
20000,addAtIndex,9999,490100
20000,getIndex,2149200
20000,removeAtIndex,9999,361700
20000,addFront,9900
20000,removeFront,12100
20000,getByIndex,274700
20000,addEnd,2600
20000,removeEnd,8900
20000,addAtIndex,9999,374700
20000,getIndex,1887100
20000,removeAtIndex,9999,427800
20000,addFront,9000
20000,removeFront,8600
20000,getByIndex,272700
20000,addEnd,2400
20000,removeEnd,11100
20000,addAtIndex,9999,484500
20000,getIndex,2060400
20000,removeAtIndex,9999,499300
20000,addFront,25600
20000,removeFront,8500
20000,getByIndex,321600
20000,addEnd,5500
20000,removeEnd,26300
20000,addAtIndex,9999,352400
20000,getIndex,1965800
20000,removeAtIndex,9999,307300
20000,addFront,15000
20000,removeFront,13400
20000,getByIndex,300300
20000,addEnd,3200
20000,removeEnd,10100
20000,addAtIndex,9999,413500
20000,getIndex,2367200
20000,removeAtIndex,9999,314200
20000,addFront,52500
20000,removeFront,16300
20000,getByIndex,290000
20000,addEnd,3100
20000,removeEnd,9200
20000,addAtIndex,9999,387500
20000,getIndex,2064200
20000,removeAtIndex,9999,326600
20000,addFront,14000
20000,removeFront,9800
20000,getByIndex,282900
20000,addEnd,2900
20000,removeEnd,10000
20000,addAtIndex,9999,374300
20000,getIndex,1909900
20000,removeAtIndex,9999,472900
20000,addFront,9800
20000,removeFront,9000
20000,getByIndex,289300
20000,addEnd,5800
20000,removeEnd,117200
20000,addAtIndex,9999,473200
20000,getIndex,2085800
20000,removeAtIndex,9999,511600
20000,addFront,11300
20000,removeFront,8600
20000,getByIndex,287200
20000,addEnd,3000
20000,removeEnd,9600
20000,addAtIndex,9999,345700
20000,getIndex,2030500
20000,removeAtIndex,9999,333800
20000,addFront,38600
20000,removeFront,11000
20000,getByIndex,293900
20000,addEnd,3000
20000,removeEnd,109300
20000,addAtIndex,9999,417700
20000,getIndex,2713000
20000,removeAtIndex,9999,425600
20000,addFront,22400
20000,removeFront,10200
20000,getByIndex,301300
20000,addEnd,3000
20000,removeEnd,8800
20000,addAtIndex,9999,368300
20000,getIndex,1915700
20000,removeAtIndex,9999,375800
20000,addFront,29800
20000,removeFront,9400
20000,getByIndex,305100
20000,addEnd,2700
20000,removeEnd,25900
20000,addAtIndex,9999,346100
20000,getIndex,2009700
20000,removeAtIndex,9999,517600
20000,addFront,63500
20000,removeFront,9800
